Sample,Isotope,Evaluation,g / g Uinit
87-72,U-234,ENDF VII.0,1.57E-04
87-72,U-235,ENDF VII.0,5.90E-03
87-72,U-236,ENDF VII.0,4.09E-03
87-72,U-238,ENDF VII.0,9.42E-01
87-72,Pu-238,ENDF VII.0,1.93E-04
87-72,Pu-239,ENDF VII.0,5.10E-03
87-72,Pu-240,ENDF VII.0,2.58E-03
87-72,Pu-241,ENDF VII.0,9.96E-04
87-72,Pu-242,ENDF VII.0,6.15E-04
87-72,Np-237,ENDF VII.0,4.50E-04
87-72,Am-241,ENDF VII.0,3.55E-04
87-72,Cs-133,ENDF VII.0,1.24E-03
87-72,Cs-134,ENDF VII.0,2.05E-05
87-72,Cs-135,ENDF VII.0,4.69E-04
87-72,Cs-137,ENDF VII.0,1.16E-03
87-72,Nd-143,ENDF VII.0,8.14E-04
87-72,Nd-144,ENDF VII.0,1.49E-03
87-72,Nd-145,ENDF VII.0,7.20E-04
87-72,Nd-146,ENDF VII.0,7.76E-04
87-72,Nd-148,ENDF VII.0,4.07E-04
87-72,Nd-150,ENDF VII.0,1.99E-04
87-72,Sm-147,ENDF VII.0,2.83E-04
87-72,Sm-148,ENDF VII.0,1.59E-04
87-72,Sm-149,ENDF VII.0,2.25E-06
87-72,Sm-150,ENDF VII.0,3.04E-04
87-72,Sm-151,ENDF VII.0,9.11E-06
87-72,Sm-152,ENDF VII.0,1.17E-04
87-72,Sm-154,ENDF VII.0,4.14E-05
87-72,Eu-151,ENDF VII.0,9.69E-07
87-72,Eu-152,ENDF VII.0,6.41E-09
87-72,Eu-153,ENDF VII.0,1.31E-04
87-72,Eu-154,ENDF VII.0,9.11E-06
87-72,Eu-155,ENDF VII.0,1.38E-06
87-72,Gd-154,ENDF VII.0,2.08E-05
87-72,Gd-155,ENDF VII.0,7.82E-06
87-72,Gd-156,ENDF VII.0,1.02E-04
87-72,Gd-158,ENDF VII.0,1.96E-05
87-72,Gd-160,ENDF VII.0,1.26E-06
87-72,Tc-99,ENDF VII.0,8.76E-04
87-72,Sr-90,ENDF VII.0,4.91E-04
87-72,U-234,ENDF VII.0 + mod-Wright,1.57E-04
87-72,U-235,ENDF VII.0 + mod-Wright,5.90E-03
87-72,U-236,ENDF VII.0 + mod-Wright,4.09E-03
87-72,U-238,ENDF VII.0 + mod-Wright,9.42E-01
87-72,Pu-238,ENDF VII.0 + mod-Wright,1.93E-04
87-72,Pu-239,ENDF VII.0 + mod-Wright,5.10E-03
87-72,Pu-240,ENDF VII.0 + mod-Wright,2.58E-03
87-72,Pu-241,ENDF VII.0 + mod-Wright,9.96E-04
87-72,Pu-242,ENDF VII.0 + mod-Wright,6.15E-04
87-72,Np-237,ENDF VII.0 + mod-Wright,4.50E-04
87-72,Am-241,ENDF VII.0 + mod-Wright,3.55E-04
87-72,Cs-133,ENDF VII.0 + mod-Wright,1.24E-03
87-72,Cs-134,ENDF VII.0 + mod-Wright,2.05E-05
87-72,Cs-135,ENDF VII.0 + mod-Wright,4.69E-04
87-72,Cs-137,ENDF VII.0 + mod-Wright,1.16E-03
87-72,Nd-143,ENDF VII.0 + mod-Wright,8.14E-04
87-72,Nd-144,ENDF VII.0 + mod-Wright,1.49E-03
87-72,Nd-145,ENDF VII.0 + mod-Wright,7.20E-04
87-72,Nd-146,ENDF VII.0 + mod-Wright,7.76E-04
87-72,Nd-148,ENDF VII.0 + mod-Wright,4.07E-04
87-72,Nd-150,ENDF VII.0 + mod-Wright,1.99E-04
87-72,Sm-147,ENDF VII.0 + mod-Wright,2.83E-04
87-72,Sm-148,ENDF VII.0 + mod-Wright,1.59E-04
87-72,Sm-149,ENDF VII.0 + mod-Wright,2.25E-06
87-72,Sm-150,ENDF VII.0 + mod-Wright,3.04E-04
87-72,Sm-151,ENDF VII.0 + mod-Wright,9.11E-06
87-72,Sm-152,ENDF VII.0 + mod-Wright,1.17E-04
87-72,Sm-154,ENDF VII.0 + mod-Wright,4.14E-05
87-72,Eu-151,ENDF VII.0 + mod-Wright,9.70E-07
87-72,Eu-152,ENDF VII.0 + mod-Wright,6.41E-09
87-72,Eu-153,ENDF VII.0 + mod-Wright,1.31E-04
87-72,Eu-154,ENDF VII.0 + mod-Wright,7.92E-06
87-72,Eu-155,ENDF VII.0 + mod-Wright,1.43E-06
87-72,Gd-154,ENDF VII.0 + mod-Wright,1.81E-05
87-72,Gd-155,ENDF VII.0 + mod-Wright,8.06E-06
87-72,Gd-156,ENDF VII.0 + mod-Wright,1.05E-04
87-72,Gd-158,ENDF VII.0 + mod-Wright,1.97E-05
87-72,Gd-160,ENDF VII.0 + mod-Wright,1.26E-06
87-72,Tc-99,ENDF VII.0 + mod-Wright,8.76E-04
87-72,Sr-90,ENDF VII.0 + mod-Wright,4.91E-04
87-72,U-234,ENDF VII.0 + mod-Mughabghab v1,1.57E-04
87-72,U-235,ENDF VII.0 + mod-Mughabghab v1,5.90E-03
87-72,U-236,ENDF VII.0 + mod-Mughabghab v1,4.09E-03
87-72,U-238,ENDF VII.0 + mod-Mughabghab v1,9.42E-01
87-72,Pu-238,ENDF VII.0 + mod-Mughabghab v1,1.93E-04
87-72,Pu-239,ENDF VII.0 + mod-Mughabghab v1,5.10E-03
87-72,Pu-240,ENDF VII.0 + mod-Mughabghab v1,2.58E-03
87-72,Pu-241,ENDF VII.0 + mod-Mughabghab v1,9.96E-04
87-72,Pu-242,ENDF VII.0 + mod-Mughabghab v1,6.15E-04
87-72,Np-237,ENDF VII.0 + mod-Mughabghab v1,4.50E-04
87-72,Am-241,ENDF VII.0 + mod-Mughabghab v1,3.55E-04
87-72,Cs-133,ENDF VII.0 + mod-Mughabghab v1,1.24E-03
87-72,Cs-134,ENDF VII.0 + mod-Mughabghab v1,2.05E-05
87-72,Cs-135,ENDF VII.0 + mod-Mughabghab v1,4.69E-04
87-72,Cs-137,ENDF VII.0 + mod-Mughabghab v1,1.16E-03
87-72,Nd-143,ENDF VII.0 + mod-Mughabghab v1,8.14E-04
87-72,Nd-144,ENDF VII.0 + mod-Mughabghab v1,1.49E-03
87-72,Nd-145,ENDF VII.0 + mod-Mughabghab v1,7.20E-04
87-72,Nd-146,ENDF VII.0 + mod-Mughabghab v1,7.76E-04
87-72,Nd-148,ENDF VII.0 + mod-Mughabghab v1,4.07E-04
87-72,Nd-150,ENDF VII.0 + mod-Mughabghab v1,1.99E-04
87-72,Sm-147,ENDF VII.0 + mod-Mughabghab v1,2.83E-04
87-72,Sm-148,ENDF VII.0 + mod-Mughabghab v1,1.59E-04
87-72,Sm-149,ENDF VII.0 + mod-Mughabghab v1,2.25E-06
87-72,Sm-150,ENDF VII.0 + mod-Mughabghab v1,3.04E-04
87-72,Sm-151,ENDF VII.0 + mod-Mughabghab v1,9.11E-06
87-72,Sm-152,ENDF VII.0 + mod-Mughabghab v1,1.17E-04
87-72,Sm-154,ENDF VII.0 + mod-Mughabghab v1,4.14E-05
87-72,Eu-151,ENDF VII.0 + mod-Mughabghab v1,9.70E-07
87-72,Eu-152,ENDF VII.0 + mod-Mughabghab v1,6.41E-09
87-72,Eu-153,ENDF VII.0 + mod-Mughabghab v1,1.31E-04
87-72,Eu-154,ENDF VII.0 + mod-Mughabghab v1,8.57E-06
87-72,Eu-155,ENDF VII.0 + mod-Mughabghab v1,1.40E-06
87-72,Gd-154,ENDF VII.0 + mod-Mughabghab v1,1.96E-05
87-72,Gd-155,ENDF VII.0 + mod-Mughabghab v1,7.93E-06
87-72,Gd-156,ENDF VII.0 + mod-Mughabghab v1,1.03E-04
87-72,Gd-158,ENDF VII.0 + mod-Mughabghab v1,1.97E-05
87-72,Gd-160,ENDF VII.0 + mod-Mughabghab v1,0.00E+00
87-72,Tc-99,ENDF VII.0 + mod-Mughabghab v1,8.76E-04
87-72,Sr-90,ENDF VII.0 + mod-Mughabghab v1,4.91E-04
87-72,U-234,ENDF VII.1,1.57E-04
87-72,U-235,ENDF VII.1,5.85E-03
87-72,U-236,ENDF VII.1,4.10E-03
87-72,U-238,ENDF VII.1,9.42E-01
87-72,Pu-238,ENDF VII.1,2.17E-04
87-72,Pu-239,ENDF VII.1,5.00E-03
87-72,Pu-240,ENDF VII.1,2.54E-03
87-72,Pu-241,ENDF VII.1,9.89E-04
87-72,Pu-242,ENDF VII.1,6.35E-04
87-72,Np-237,ENDF VII.1,4.44E-04
87-72,Am-241,ENDF VII.1,3.46E-04
87-72,Cs-133,ENDF VII.1,1.24E-03
87-72,Cs-134,ENDF VII.1,2.00E-05
87-72,Cs-135,ENDF VII.1,4.68E-04
87-72,Cs-137,ENDF VII.1,1.16E-03
87-72,Nd-143,ENDF VII.1,8.12E-04
87-72,Nd-144,ENDF VII.1,1.49E-03
87-72,Nd-145,ENDF VII.1,7.30E-04
87-72,Nd-146,ENDF VII.1,7.66E-04
87-72,Nd-148,ENDF VII.1,4.07E-04
87-72,Nd-150,ENDF VII.1,1.99E-04
87-72,Sm-147,ENDF VII.1,2.82E-04
87-72,Sm-148,ENDF VII.1,1.60E-04
87-72,Sm-149,ENDF VII.1,2.24E-06
87-72,Sm-150,ENDF VII.1,3.05E-04
87-72,Sm-151,ENDF VII.1,9.08E-06
87-72,Sm-152,ENDF VII.1,1.17E-04
87-72,Sm-154,ENDF VII.1,4.14E-05
87-72,Eu-151,ENDF VII.1,9.66E-07
87-72,Eu-152,ENDF VII.1,6.31E-09
87-72,Eu-153,ENDF VII.1,1.27E-04
87-72,Eu-154,ENDF VII.1,9.36E-06
87-72,Eu-155,ENDF VII.1,1.42E-06
87-72,Gd-154,ENDF VII.1,2.14E-05
87-72,Gd-155,ENDF VII.1,8.02E-06
87-72,Gd-156,ENDF VII.1,1.05E-04
87-72,Gd-158,ENDF VII.1,1.97E-05
87-72,Gd-160,ENDF VII.1,1.26E-06
87-72,Tc-99,ENDF VII.1,8.86E-04
87-72,Sr-90,ENDF VII.1,4.91E-04
87-72,U-234,ENDF VII.1 + mod-Mughabghab v1,1.57E-04
87-72,U-235,ENDF VII.1 + mod-Mughabghab v1,5.86E-03
87-72,U-236,ENDF VII.1 + mod-Mughabghab v1,4.10E-03
87-72,U-238,ENDF VII.1 + mod-Mughabghab v1,9.42E-01
87-72,Pu-238,ENDF VII.1 + mod-Mughabghab v1,2.17E-04
87-72,Pu-239,ENDF VII.1 + mod-Mughabghab v1,5.01E-03
87-72,Pu-240,ENDF VII.1 + mod-Mughabghab v1,2.54E-03
87-72,Pu-241,ENDF VII.1 + mod-Mughabghab v1,9.89E-04
87-72,Pu-242,ENDF VII.1 + mod-Mughabghab v1,6.35E-04
87-72,Np-237,ENDF VII.1 + mod-Mughabghab v1,4.44E-04
87-72,Am-241,ENDF VII.1 + mod-Mughabghab v1,3.46E-04
87-72,Cs-133,ENDF VII.1 + mod-Mughabghab v1,1.24E-03
87-72,Cs-134,ENDF VII.1 + mod-Mughabghab v1,2.00E-05
87-72,Cs-135,ENDF VII.1 + mod-Mughabghab v1,4.68E-04
87-72,Cs-137,ENDF VII.1 + mod-Mughabghab v1,1.16E-03
87-72,Nd-143,ENDF VII.1 + mod-Mughabghab v1,8.12E-04
87-72,Nd-144,ENDF VII.1 + mod-Mughabghab v1,1.49E-03
87-72,Nd-145,ENDF VII.1 + mod-Mughabghab v1,7.30E-04
87-72,Nd-146,ENDF VII.1 + mod-Mughabghab v1,7.66E-04
87-72,Nd-148,ENDF VII.1 + mod-Mughabghab v1,4.07E-04
87-72,Nd-150,ENDF VII.1 + mod-Mughabghab v1,1.99E-04
87-72,Sm-147,ENDF VII.1 + mod-Mughabghab v1,2.82E-04
87-72,Sm-148,ENDF VII.1 + mod-Mughabghab v1,1.60E-04
87-72,Sm-149,ENDF VII.1 + mod-Mughabghab v1,2.24E-06
87-72,Sm-150,ENDF VII.1 + mod-Mughabghab v1,3.05E-04
87-72,Sm-151,ENDF VII.1 + mod-Mughabghab v1,9.08E-06
87-72,Sm-152,ENDF VII.1 + mod-Mughabghab v1,1.17E-04
87-72,Sm-154,ENDF VII.1 + mod-Mughabghab v1,4.14E-05
87-72,Eu-151,ENDF VII.1 + mod-Mughabghab v1,9.66E-07
87-72,Eu-152,ENDF VII.1 + mod-Mughabghab v1,6.32E-09
87-72,Eu-153,ENDF VII.1 + mod-Mughabghab v1,1.27E-04
87-72,Eu-154,ENDF VII.1 + mod-Mughabghab v1,8.81E-06
87-72,Eu-155,ENDF VII.1 + mod-Mughabghab v1,1.44E-06
87-72,Gd-154,ENDF VII.1 + mod-Mughabghab v1,2.02E-05
87-72,Gd-155,ENDF VII.1 + mod-Mughabghab v1,8.13E-06
87-72,Gd-156,ENDF VII.1 + mod-Mughabghab v1,1.07E-04
87-72,Gd-158,ENDF VII.1 + mod-Mughabghab v1,1.98E-05
87-72,Gd-160,ENDF VII.1 + mod-Mughabghab v1,0.00E+00
87-72,Tc-99,ENDF VII.1 + mod-Mughabghab v1,8.86E-04
87-72,Sr-90,ENDF VII.1 + mod-Mughabghab v1,4.91E-04
87-63,U-234,ENDF VII.0,1.41E-04
87-63,U-235,ENDF VII.0,4.15E-03
87-63,U-236,ENDF VII.0,4.27E-03
87-63,U-238,ENDF VII.0,9.35E-01
87-63,Pu-238,ENDF VII.0,2.76E-04
87-63,Pu-239,ENDF VII.0,5.24E-03
87-63,Pu-240,ENDF VII.0,2.96E-03
87-63,Pu-241,ENDF VII.0,1.16E-03
87-63,Pu-242,ENDF VII.0,8.83E-04
87-63,Np-237,ENDF VII.0,5.46E-04
87-63,Am-241,ENDF VII.0,4.03E-04
87-63,Cs-133,ENDF VII.0,1.42E-03
87-63,Cs-134,ENDF VII.0,2.90E-05
87-63,Cs-135,ENDF VII.0,5.04E-04
87-63,Cs-137,ENDF VII.0,1.38E-03
87-63,Nd-143,ENDF VII.0,8.79E-04
87-63,Nd-144,ENDF VII.0,1.81E-03
87-63,Nd-145,ENDF VII.0,8.18E-04
87-63,Nd-146,ENDF VII.0,9.46E-04
87-63,Nd-148,ENDF VII.0,4.86E-04
87-63,Nd-150,ENDF VII.0,2.42E-04
87-63,Sm-147,ENDF VII.0,2.96E-04
87-63,Sm-148,ENDF VII.0,2.10E-04
87-63,Sm-149,ENDF VII.0,2.47E-06
87-63,Sm-150,ENDF VII.0,3.70E-04
87-63,Sm-151,ENDF VII.0,1.01E-05
87-63,Sm-152,ENDF VII.0,1.29E-04
87-63,Sm-154,ENDF VII.0,5.33E-05
87-63,Eu-151,ENDF VII.0,1.08E-06
87-63,Eu-152,ENDF VII.0,5.77E-09
87-63,Eu-153,ENDF VII.0,1.60E-04
87-63,Eu-154,ENDF VII.0,1.18E-05
87-63,Eu-155,ENDF VII.0,1.78E-06
87-63,Gd-154,ENDF VII.0,2.71E-05
87-63,Gd-155,ENDF VII.0,1.00E-05
87-63,Gd-156,ENDF VII.0,1.58E-04
87-63,Gd-158,ENDF VII.0,2.87E-05
87-63,Gd-160,ENDF VII.0,1.71E-06
87-63,Tc-99,ENDF VII.0,1.01E-03
87-63,Sr-90,ENDF VII.0,5.55E-04
87-63,U-234,ENDF VII.0 + mod-Wright,1.41E-04
87-63,U-235,ENDF VII.0 + mod-Wright,4.15E-03
87-63,U-236,ENDF VII.0 + mod-Wright,4.27E-03
87-63,U-238,ENDF VII.0 + mod-Wright,9.35E-01
87-63,Pu-238,ENDF VII.0 + mod-Wright,2.76E-04
87-63,Pu-239,ENDF VII.0 + mod-Wright,5.24E-03
87-63,Pu-240,ENDF VII.0 + mod-Wright,2.96E-03
87-63,Pu-241,ENDF VII.0 + mod-Wright,1.16E-03
87-63,Pu-242,ENDF VII.0 + mod-Wright,8.83E-04
87-63,Np-237,ENDF VII.0 + mod-Wright,5.46E-04
87-63,Am-241,ENDF VII.0 + mod-Wright,4.03E-04
87-63,Cs-133,ENDF VII.0 + mod-Wright,1.42E-03
87-63,Cs-134,ENDF VII.0 + mod-Wright,2.90E-05
87-63,Cs-135,ENDF VII.0 + mod-Wright,5.04E-04
87-63,Cs-137,ENDF VII.0 + mod-Wright,1.38E-03
87-63,Nd-143,ENDF VII.0 + mod-Wright,8.79E-04
87-63,Nd-144,ENDF VII.0 + mod-Wright,1.81E-03
87-63,Nd-145,ENDF VII.0 + mod-Wright,8.18E-04
87-63,Nd-146,ENDF VII.0 + mod-Wright,9.46E-04
87-63,Nd-148,ENDF VII.0 + mod-Wright,4.86E-04
87-63,Nd-150,ENDF VII.0 + mod-Wright,2.42E-04
87-63,Sm-147,ENDF VII.0 + mod-Wright,2.96E-04
87-63,Sm-148,ENDF VII.0 + mod-Wright,2.10E-04
87-63,Sm-149,ENDF VII.0 + mod-Wright,2.47E-06
87-63,Sm-150,ENDF VII.0 + mod-Wright,3.70E-04
87-63,Sm-151,ENDF VII.0 + mod-Wright,1.01E-05
87-63,Sm-152,ENDF VII.0 + mod-Wright,1.29E-04
87-63,Sm-154,ENDF VII.0 + mod-Wright,5.33E-05
87-63,Eu-151,ENDF VII.0 + mod-Wright,1.08E-06
87-63,Eu-152,ENDF VII.0 + mod-Wright,5.78E-09
87-63,Eu-153,ENDF VII.0 + mod-Wright,1.60E-04
87-63,Eu-154,ENDF VII.0 + mod-Wright,1.02E-05
87-63,Eu-155,ENDF VII.0 + mod-Wright,1.82E-06
87-63,Gd-154,ENDF VII.0 + mod-Wright,2.35E-05
87-63,Gd-155,ENDF VII.0 + mod-Wright,1.03E-05
87-63,Gd-156,ENDF VII.0 + mod-Wright,1.63E-04
87-63,Gd-158,ENDF VII.0 + mod-Wright,2.90E-05
87-63,Gd-160,ENDF VII.0 + mod-Wright,1.71E-06
87-63,Tc-99,ENDF VII.0 + mod-Wright,1.01E-03
87-63,Sr-90,ENDF VII.0 + mod-Wright,5.55E-04
87-63,U-234,ENDF VII.0 + mod-Mughabghab v1,1.41E-04
87-63,U-235,ENDF VII.0 + mod-Mughabghab v1,4.15E-03
87-63,U-236,ENDF VII.0 + mod-Mughabghab v1,4.27E-03
87-63,U-238,ENDF VII.0 + mod-Mughabghab v1,9.35E-01
87-63,Pu-238,ENDF VII.0 + mod-Mughabghab v1,2.76E-04
87-63,Pu-239,ENDF VII.0 + mod-Mughabghab v1,5.24E-03
87-63,Pu-240,ENDF VII.0 + mod-Mughabghab v1,2.96E-03
87-63,Pu-241,ENDF VII.0 + mod-Mughabghab v1,1.16E-03
87-63,Pu-242,ENDF VII.0 + mod-Mughabghab v1,8.83E-04
87-63,Np-237,ENDF VII.0 + mod-Mughabghab v1,5.46E-04
87-63,Am-241,ENDF VII.0 + mod-Mughabghab v1,4.03E-04
87-63,Cs-133,ENDF VII.0 + mod-Mughabghab v1,1.42E-03
87-63,Cs-134,ENDF VII.0 + mod-Mughabghab v1,2.90E-05
87-63,Cs-135,ENDF VII.0 + mod-Mughabghab v1,5.04E-04
87-63,Cs-137,ENDF VII.0 + mod-Mughabghab v1,1.38E-03
87-63,Nd-143,ENDF VII.0 + mod-Mughabghab v1,8.79E-04
87-63,Nd-144,ENDF VII.0 + mod-Mughabghab v1,1.81E-03
87-63,Nd-145,ENDF VII.0 + mod-Mughabghab v1,8.18E-04
87-63,Nd-146,ENDF VII.0 + mod-Mughabghab v1,9.46E-04
87-63,Nd-148,ENDF VII.0 + mod-Mughabghab v1,4.86E-04
87-63,Nd-150,ENDF VII.0 + mod-Mughabghab v1,2.42E-04
87-63,Sm-147,ENDF VII.0 + mod-Mughabghab v1,2.96E-04
87-63,Sm-148,ENDF VII.0 + mod-Mughabghab v1,2.10E-04
87-63,Sm-149,ENDF VII.0 + mod-Mughabghab v1,2.47E-06
87-63,Sm-150,ENDF VII.0 + mod-Mughabghab v1,3.70E-04
87-63,Sm-151,ENDF VII.0 + mod-Mughabghab v1,1.01E-05
87-63,Sm-152,ENDF VII.0 + mod-Mughabghab v1,1.29E-04
87-63,Sm-154,ENDF VII.0 + mod-Mughabghab v1,5.33E-05
87-63,Eu-151,ENDF VII.0 + mod-Mughabghab v1,1.08E-06
87-63,Eu-152,ENDF VII.0 + mod-Mughabghab v1,5.78E-09
87-63,Eu-153,ENDF VII.0 + mod-Mughabghab v1,1.60E-04
87-63,Eu-154,ENDF VII.0 + mod-Mughabghab v1,1.11E-05
87-63,Eu-155,ENDF VII.0 + mod-Mughabghab v1,1.80E-06
87-63,Gd-154,ENDF VII.0 + mod-Mughabghab v1,2.54E-05
87-63,Gd-155,ENDF VII.0 + mod-Mughabghab v1,1.01E-05
87-63,Gd-156,ENDF VII.0 + mod-Mughabghab v1,1.60E-04
87-63,Gd-158,ENDF VII.0 + mod-Mughabghab v1,2.88E-05
87-63,Gd-160,ENDF VII.0 + mod-Mughabghab v1,1.71E-06
87-63,Tc-99,ENDF VII.0 + mod-Mughabghab v1,1.01E-03
87-63,Sr-90,ENDF VII.0 + mod-Mughabghab v1,5.55E-04
87-63,U-234,ENDF VII.1,1.43E-04
87-63,U-235,ENDF VII.1,4.10E-03
87-63,U-236,ENDF VII.1,4.27E-03
87-63,U-238,ENDF VII.1,9.35E-01
87-63,Pu-238,ENDF VII.1,3.13E-04
87-63,Pu-239,ENDF VII.1,5.13E-03
87-63,Pu-240,ENDF VII.1,2.90E-03
87-63,Pu-241,ENDF VII.1,1.15E-03
87-63,Pu-242,ENDF VII.1,9.14E-04
87-63,Np-237,ENDF VII.1,5.39E-04
87-63,Am-241,ENDF VII.1,3.91E-04
87-63,Cs-133,ENDF VII.1,1.43E-03
87-63,Cs-134,ENDF VII.1,2.84E-05
87-63,Cs-135,ENDF VII.1,5.02E-04
87-63,Cs-137,ENDF VII.1,1.38E-03
87-63,Nd-143,ENDF VII.1,8.76E-04
87-63,Nd-144,ENDF VII.1,1.82E-03
87-63,Nd-145,ENDF VII.1,8.33E-04
87-63,Nd-146,ENDF VII.1,9.32E-04
87-63,Nd-148,ENDF VII.1,4.86E-04
87-63,Nd-150,ENDF VII.1,2.42E-04
87-63,Sm-147,ENDF VII.1,2.95E-04
87-63,Sm-148,ENDF VII.1,2.11E-04
87-63,Sm-149,ENDF VII.1,2.45E-06
87-63,Sm-150,ENDF VII.1,3.71E-04
87-63,Sm-151,ENDF VII.1,1.01E-05
87-63,Sm-152,ENDF VII.1,1.29E-04
87-63,Sm-154,ENDF VII.1,5.33E-05
87-63,Eu-151,ENDF VII.1,1.07E-06
87-63,Eu-152,ENDF VII.1,5.66E-09
87-63,Eu-153,ENDF VII.1,1.54E-04
87-63,Eu-154,ENDF VII.1,1.21E-05
87-63,Eu-155,ENDF VII.1,1.81E-06
87-63,Gd-154,ENDF VII.1,2.76E-05
87-63,Gd-155,ENDF VII.1,1.02E-05
87-63,Gd-156,ENDF VII.1,1.63E-04
87-63,Gd-158,ENDF VII.1,2.90E-05
87-63,Gd-160,ENDF VII.1,1.71E-06
87-63,Tc-99,ENDF VII.1,1.03E-03
87-63,Sr-90,ENDF VII.1,5.55E-04
87-63,U-234,ENDF VII.1 + mod-Mughabghab v1,1.43E-04
87-63,U-235,ENDF VII.1 + mod-Mughabghab v1,4.10E-03
87-63,U-236,ENDF VII.1 + mod-Mughabghab v1,4.27E-03
87-63,U-238,ENDF VII.1 + mod-Mughabghab v1,9.35E-01
87-63,Pu-238,ENDF VII.1 + mod-Mughabghab v1,3.13E-04
87-63,Pu-239,ENDF VII.1 + mod-Mughabghab v1,5.13E-03
87-63,Pu-240,ENDF VII.1 + mod-Mughabghab v1,2.90E-03
87-63,Pu-241,ENDF VII.1 + mod-Mughabghab v1,1.15E-03
87-63,Pu-242,ENDF VII.1 + mod-Mughabghab v1,9.14E-04
87-63,Np-237,ENDF VII.1 + mod-Mughabghab v1,5.39E-04
87-63,Am-241,ENDF VII.1 + mod-Mughabghab v1,3.91E-04
87-63,Cs-133,ENDF VII.1 + mod-Mughabghab v1,1.43E-03
87-63,Cs-134,ENDF VII.1 + mod-Mughabghab v1,2.84E-05
87-63,Cs-135,ENDF VII.1 + mod-Mughabghab v1,5.02E-04
87-63,Cs-137,ENDF VII.1 + mod-Mughabghab v1,1.38E-03
87-63,Nd-143,ENDF VII.1 + mod-Mughabghab v1,8.76E-04
87-63,Nd-144,ENDF VII.1 + mod-Mughabghab v1,1.82E-03
87-63,Nd-145,ENDF VII.1 + mod-Mughabghab v1,8.33E-04
87-63,Nd-146,ENDF VII.1 + mod-Mughabghab v1,9.32E-04
87-63,Nd-148,ENDF VII.1 + mod-Mughabghab v1,4.86E-04
87-63,Nd-150,ENDF VII.1 + mod-Mughabghab v1,2.42E-04
87-63,Sm-147,ENDF VII.1 + mod-Mughabghab v1,2.95E-04
87-63,Sm-148,ENDF VII.1 + mod-Mughabghab v1,2.11E-04
87-63,Sm-149,ENDF VII.1 + mod-Mughabghab v1,2.46E-06
87-63,Sm-150,ENDF VII.1 + mod-Mughabghab v1,3.71E-04
87-63,Sm-151,ENDF VII.1 + mod-Mughabghab v1,1.01E-05
87-63,Sm-152,ENDF VII.1 + mod-Mughabghab v1,1.29E-04
87-63,Sm-154,ENDF VII.1 + mod-Mughabghab v1,5.33E-05
87-63,Eu-151,ENDF VII.1 + mod-Mughabghab v1,1.07E-06
87-63,Eu-152,ENDF VII.1 + mod-Mughabghab v1,5.66E-09
87-63,Eu-153,ENDF VII.1 + mod-Mughabghab v1,1.54E-04
87-63,Eu-154,ENDF VII.1 + mod-Mughabghab v1,1.13E-05
87-63,Eu-155,ENDF VII.1 + mod-Mughabghab v1,1.83E-06
87-63,Gd-154,ENDF VII.1 + mod-Mughabghab v1,2.60E-05
87-63,Gd-155,ENDF VII.1 + mod-Mughabghab v1,1.03E-05
87-63,Gd-156,ENDF VII.1 + mod-Mughabghab v1,1.65E-04
87-63,Gd-158,ENDF VII.1 + mod-Mughabghab v1,2.91E-05
87-63,Gd-160,ENDF VII.1 + mod-Mughabghab v1,1.71E-06
87-63,Tc-99,ENDF VII.1 + mod-Mughabghab v1,1.03E-03
87-63,Sr-90,ENDF VII.1 + mod-Mughabghab v1,5.55E-04
87-81,U-234,ENDF VII.0,1.81E-04
87-81,U-235,ENDF VII.0,9.59E-03
87-81,U-236,ENDF VII.0,3.62E-03
87-81,U-238,ENDF VII.0,9.50E-01
87-81,Pu-238,ENDF VII.0,1.03E-04
87-81,Pu-239,ENDF VII.0,4.95E-03
87-81,Pu-240,ENDF VII.0,1.97E-03
87-81,Pu-241,ENDF VII.0,7.48E-04
87-81,Pu-242,ENDF VII.0,3.09E-04
87-81,Np-237,ENDF VII.0,3.16E-04
87-81,Am-241,ENDF VII.0,2.74E-04
87-81,Cs-133,ENDF VII.0,9.60E-04
87-81,Cs-134,ENDF VII.0,1.13E-05
87-81,Cs-135,ENDF VII.0,4.27E-04
87-81,Cs-137,ENDF VII.0,8.57E-04
87-81,Nd-143,ENDF VII.0,6.95E-04
87-81,Nd-144,ENDF VII.0,1.05E-03
87-81,Nd-145,ENDF VII.0,5.67E-04
87-81,Nd-146,ENDF VII.0,5.59E-04
87-81,Nd-148,ENDF VII.0,3.01E-04
87-81,Nd-150,ENDF VII.0,1.43E-04
87-81,Sm-147,ENDF VII.0,2.47E-04
87-81,Sm-148,ENDF VII.0,9.79E-05
87-81,Sm-149,ENDF VII.0,2.07E-06
87-81,Sm-150,ENDF VII.0,2.19E-04
87-81,Sm-151,ENDF VII.0,8.31E-06
87-81,Sm-152,ENDF VII.0,9.50E-05
87-81,Sm-154,ENDF VII.0,2.74E-05
87-81,Eu-151,ENDF VII.0,8.93E-07
87-81,Eu-152,ENDF VII.0,9.05E-09
87-81,Eu-153,ENDF VII.0,9.04E-05
87-81,Eu-154,ENDF VII.0,5.60E-06
87-81,Eu-155,ENDF VII.0,8.58E-07
87-81,Gd-154,ENDF VII.0,1.27E-05
87-81,Gd-155,ENDF VII.0,4.87E-06
87-81,Gd-156,ENDF VII.0,4.87E-05
87-81,Gd-158,ENDF VII.0,1.10E-05
87-81,Gd-160,ENDF VII.0,7.61E-07
87-81,Tc-99,ENDF VII.0,6.74E-04
87-81,Sr-90,ENDF VII.0,3.91E-04
87-81,U-234,ENDF VII.0 + mod-Wright,1.81E-04
87-81,U-235,ENDF VII.0 + mod-Wright,9.59E-03
87-81,U-236,ENDF VII.0 + mod-Wright,3.62E-03
87-81,U-238,ENDF VII.0 + mod-Wright,9.50E-01
87-81,Pu-238,ENDF VII.0 + mod-Wright,1.03E-04
87-81,Pu-239,ENDF VII.0 + mod-Wright,4.95E-03
87-81,Pu-240,ENDF VII.0 + mod-Wright,1.97E-03
87-81,Pu-241,ENDF VII.0 + mod-Wright,7.48E-04
87-81,Pu-242,ENDF VII.0 + mod-Wright,3.09E-04
87-81,Np-237,ENDF VII.0 + mod-Wright,3.16E-04
87-81,Am-241,ENDF VII.0 + mod-Wright,2.74E-04
87-81,Cs-133,ENDF VII.0 + mod-Wright,9.60E-04
87-81,Cs-134,ENDF VII.0 + mod-Wright,1.13E-05
87-81,Cs-135,ENDF VII.0 + mod-Wright,4.27E-04
87-81,Cs-137,ENDF VII.0 + mod-Wright,8.57E-04
87-81,Nd-143,ENDF VII.0 + mod-Wright,6.95E-04
87-81,Nd-144,ENDF VII.0 + mod-Wright,1.05E-03
87-81,Nd-145,ENDF VII.0 + mod-Wright,5.67E-04
87-81,Nd-146,ENDF VII.0 + mod-Wright,5.59E-04
87-81,Nd-148,ENDF VII.0 + mod-Wright,3.01E-04
87-81,Nd-150,ENDF VII.0 + mod-Wright,1.43E-04
87-81,Sm-147,ENDF VII.0 + mod-Wright,2.47E-04
87-81,Sm-148,ENDF VII.0 + mod-Wright,9.79E-05
87-81,Sm-149,ENDF VII.0 + mod-Wright,2.07E-06
87-81,Sm-150,ENDF VII.0 + mod-Wright,2.19E-04
87-81,Sm-151,ENDF VII.0 + mod-Wright,8.31E-06
87-81,Sm-152,ENDF VII.0 + mod-Wright,9.50E-05
87-81,Sm-154,ENDF VII.0 + mod-Wright,2.74E-05
87-81,Eu-151,ENDF VII.0 + mod-Wright,8.93E-07
87-81,Eu-152,ENDF VII.0 + mod-Wright,9.05E-09
87-81,Eu-153,ENDF VII.0 + mod-Wright,9.04E-05
87-81,Eu-154,ENDF VII.0 + mod-Wright,4.96E-06
87-81,Eu-155,ENDF VII.0 + mod-Wright,8.96E-07
87-81,Gd-154,ENDF VII.0 + mod-Wright,1.13E-05
87-81,Gd-155,ENDF VII.0 + mod-Wright,5.08E-06
87-81,Gd-156,ENDF VII.0 + mod-Wright,5.05E-05
87-81,Gd-158,ENDF VII.0 + mod-Wright,1.10E-05
87-81,Gd-160,ENDF VII.0 + mod-Wright,7.61E-07
87-81,Tc-99,ENDF VII.0 + mod-Wright,6.74E-04
87-81,Sr-90,ENDF VII.0 + mod-Wright,3.91E-04
87-81,U-234,ENDF VII.0 + mod-Mughabghab v1,1.81E-04
87-81,U-235,ENDF VII.0 + mod-Mughabghab v1,9.59E-03
87-81,U-236,ENDF VII.0 + mod-Mughabghab v1,3.62E-03
87-81,U-238,ENDF VII.0 + mod-Mughabghab v1,9.50E-01
87-81,Pu-238,ENDF VII.0 + mod-Mughabghab v1,1.03E-04
87-81,Pu-239,ENDF VII.0 + mod-Mughabghab v1,4.95E-03
87-81,Pu-240,ENDF VII.0 + mod-Mughabghab v1,1.97E-03
87-81,Pu-241,ENDF VII.0 + mod-Mughabghab v1,7.48E-04
87-81,Pu-242,ENDF VII.0 + mod-Mughabghab v1,3.09E-04
87-81,Np-237,ENDF VII.0 + mod-Mughabghab v1,3.16E-04
87-81,Am-241,ENDF VII.0 + mod-Mughabghab v1,2.74E-04
87-81,Cs-133,ENDF VII.0 + mod-Mughabghab v1,9.60E-04
87-81,Cs-134,ENDF VII.0 + mod-Mughabghab v1,1.13E-05
87-81,Cs-135,ENDF VII.0 + mod-Mughabghab v1,4.27E-04
87-81,Cs-137,ENDF VII.0 + mod-Mughabghab v1,8.57E-04
87-81,Nd-143,ENDF VII.0 + mod-Mughabghab v1,6.95E-04
87-81,Nd-144,ENDF VII.0 + mod-Mughabghab v1,1.05E-03
87-81,Nd-145,ENDF VII.0 + mod-Mughabghab v1,5.67E-04
87-81,Nd-146,ENDF VII.0 + mod-Mughabghab v1,5.59E-04
87-81,Nd-148,ENDF VII.0 + mod-Mughabghab v1,3.01E-04
87-81,Nd-150,ENDF VII.0 + mod-Mughabghab v1,1.43E-04
87-81,Sm-147,ENDF VII.0 + mod-Mughabghab v1,2.47E-04
87-81,Sm-148,ENDF VII.0 + mod-Mughabghab v1,9.79E-05
87-81,Sm-149,ENDF VII.0 + mod-Mughabghab v1,2.07E-06
87-81,Sm-150,ENDF VII.0 + mod-Mughabghab v1,2.19E-04
87-81,Sm-151,ENDF VII.0 + mod-Mughabghab v1,8.31E-06
87-81,Sm-152,ENDF VII.0 + mod-Mughabghab v1,9.50E-05
87-81,Sm-154,ENDF VII.0 + mod-Mughabghab v1,2.74E-05
87-81,Eu-151,ENDF VII.0 + mod-Mughabghab v1,8.93E-07
87-81,Eu-152,ENDF VII.0 + mod-Mughabghab v1,9.05E-09
87-81,Eu-153,ENDF VII.0 + mod-Mughabghab v1,9.04E-05
87-81,Eu-154,ENDF VII.0 + mod-Mughabghab v1,5.31E-06
87-81,Eu-155,ENDF VII.0 + mod-Mughabghab v1,8.75E-07
87-81,Gd-154,ENDF VII.0 + mod-Mughabghab v1,1.21E-05
87-81,Gd-155,ENDF VII.0 + mod-Mughabghab v1,4.96E-06
87-81,Gd-156,ENDF VII.0 + mod-Mughabghab v1,4.95E-05
87-81,Gd-158,ENDF VII.0 + mod-Mughabghab v1,1.10E-05
87-81,Gd-160,ENDF VII.0 + mod-Mughabghab v1,7.61E-07
87-81,Tc-99,ENDF VII.0 + mod-Mughabghab v1,6.74E-04
87-81,Sr-90,ENDF VII.0 + mod-Mughabghab v1,3.91E-04
87-81,U-234,ENDF VII.1,1.81E-04
87-81,U-235,ENDF VII.1,9.56E-03
87-81,U-236,ENDF VII.1,3.62E-03
87-81,U-238,ENDF VII.1,9.51E-01
87-81,Pu-238,ENDF VII.1,1.13E-04
87-81,Pu-239,ENDF VII.1,4.88E-03
87-81,Pu-240,ENDF VII.1,1.94E-03
87-81,Pu-241,ENDF VII.1,7.46E-04
87-81,Pu-242,ENDF VII.1,3.17E-04
87-81,Np-237,ENDF VII.1,3.12E-04
87-81,Am-241,ENDF VII.1,2.69E-04
87-81,Cs-133,ENDF VII.1,9.63E-04
87-81,Cs-134,ENDF VII.1,1.10E-05
87-81,Cs-135,ENDF VII.1,4.27E-04
87-81,Cs-137,ENDF VII.1,8.57E-04
87-81,Nd-143,ENDF VII.1,6.95E-04
87-81,Nd-144,ENDF VII.1,1.05E-03
87-81,Nd-145,ENDF VII.1,5.73E-04
87-81,Nd-146,ENDF VII.1,5.53E-04
87-81,Nd-148,ENDF VII.1,3.01E-04
87-81,Nd-150,ENDF VII.1,1.43E-04
87-81,Sm-147,ENDF VII.1,2.47E-04
87-81,Sm-148,ENDF VII.1,9.82E-05
87-81,Sm-149,ENDF VII.1,2.06E-06
87-81,Sm-150,ENDF VII.1,2.19E-04
87-81,Sm-151,ENDF VII.1,8.30E-06
87-81,Sm-152,ENDF VII.1,9.48E-05
87-81,Sm-154,ENDF VII.1,2.74E-05
87-81,Eu-151,ENDF VII.1,8.91E-07
87-81,Eu-152,ENDF VII.1,8.98E-09
87-81,Eu-153,ENDF VII.1,8.83E-05
87-81,Eu-154,ENDF VII.1,5.80E-06
87-81,Eu-155,ENDF VII.1,8.84E-07
87-81,Gd-154,ENDF VII.1,1.32E-05
87-81,Gd-155,ENDF VII.1,5.01E-06
87-81,Gd-156,ENDF VII.1,5.01E-05
87-81,Gd-158,ENDF VII.1,1.10E-05
87-81,Gd-160,ENDF VII.1,7.60E-07
87-81,Tc-99,ENDF VII.1,6.80E-04
87-81,Sr-90,ENDF VII.1,3.91E-04
87-81,U-234,ENDF VII.1 + mod-Mughabghab v1,1.81E-04
87-81,U-235,ENDF VII.1 + mod-Mughabghab v1,9.56E-03
87-81,U-236,ENDF VII.1 + mod-Mughabghab v1,3.62E-03
87-81,U-238,ENDF VII.1 + mod-Mughabghab v1,9.51E-01
87-81,Pu-238,ENDF VII.1 + mod-Mughabghab v1,1.13E-04
87-81,Pu-239,ENDF VII.1 + mod-Mughabghab v1,4.88E-03
87-81,Pu-240,ENDF VII.1 + mod-Mughabghab v1,1.94E-03
87-81,Pu-241,ENDF VII.1 + mod-Mughabghab v1,7.46E-04
87-81,Pu-242,ENDF VII.1 + mod-Mughabghab v1,3.17E-04
87-81,Np-237,ENDF VII.1 + mod-Mughabghab v1,3.12E-04
87-81,Am-241,ENDF VII.1 + mod-Mughabghab v1,2.69E-04
87-81,Cs-133,ENDF VII.1 + mod-Mughabghab v1,9.63E-04
87-81,Cs-134,ENDF VII.1 + mod-Mughabghab v1,1.10E-05
87-81,Cs-135,ENDF VII.1 + mod-Mughabghab v1,4.27E-04
87-81,Cs-137,ENDF VII.1 + mod-Mughabghab v1,8.57E-04
87-81,Nd-143,ENDF VII.1 + mod-Mughabghab v1,6.95E-04
87-81,Nd-144,ENDF VII.1 + mod-Mughabghab v1,1.05E-03
87-81,Nd-145,ENDF VII.1 + mod-Mughabghab v1,5.73E-04
87-81,Nd-146,ENDF VII.1 + mod-Mughabghab v1,5.53E-04
87-81,Nd-148,ENDF VII.1 + mod-Mughabghab v1,3.01E-04
87-81,Nd-150,ENDF VII.1 + mod-Mughabghab v1,1.43E-04
87-81,Sm-147,ENDF VII.1 + mod-Mughabghab v1,2.47E-04
87-81,Sm-148,ENDF VII.1 + mod-Mughabghab v1,9.82E-05
87-81,Sm-149,ENDF VII.1 + mod-Mughabghab v1,2.06E-06
87-81,Sm-150,ENDF VII.1 + mod-Mughabghab v1,2.19E-04
87-81,Sm-151,ENDF VII.1 + mod-Mughabghab v1,8.30E-06
87-81,Sm-152,ENDF VII.1 + mod-Mughabghab v1,9.48E-05
87-81,Sm-154,ENDF VII.1 + mod-Mughabghab v1,2.74E-05
87-81,Eu-151,ENDF VII.1 + mod-Mughabghab v1,8.91E-07
87-81,Eu-152,ENDF VII.1 + mod-Mughabghab v1,8.98E-09
87-81,Eu-153,ENDF VII.1 + mod-Mughabghab v1,8.83E-05
87-81,Eu-154,ENDF VII.1 + mod-Mughabghab v1,5.51E-06
87-81,Eu-155,ENDF VII.1 + mod-Mughabghab v1,9.01E-07
87-81,Gd-154,ENDF VII.1 + mod-Mughabghab v1,1.25E-05
87-81,Gd-155,ENDF VII.1 + mod-Mughabghab v1,5.11E-06
87-81,Gd-156,ENDF VII.1 + mod-Mughabghab v1,5.09E-05
87-81,Gd-158,ENDF VII.1 + mod-Mughabghab v1,1.10E-05
87-81,Gd-160,ENDF VII.1 + mod-Mughabghab v1,7.60E-07
87-81,Tc-99,ENDF VII.1 + mod-Mughabghab v1,6.80E-04
87-81,Sr-90,ENDF VII.1 + mod-Mughabghab v1,3.91E-04
