Assembly,Sample,Isotope,Inventory,Uncertainty,Units
TMI-1 NJ05YU,AG616-A1,233U,7.100E-04,1.000,mg / gIU
TMI-1 NJ05YU,AG616-A1,234U,2.285E-01,0.024,mg / gIU
TMI-1 NJ05YU,AG616-A1,235U,9.140E+00,0.024,mg / gIU
TMI-1 NJ05YU,AG616-A1,236U,5.420E+00,0.024,mg / gIU
TMI-1 NJ05YU,AG616-A1,238U,9.330E+02,0.011,mg / gIU
TMI-1 NJ05YU,AG616-A1,238Pu,2.715E-01,0.018,mg / gIU
TMI-1 NJ05YU,AG616-A1,239Pu,5.916E+00,0.014,mg / gIU
TMI-1 NJ05YU,AG616-A1,240Pu,2.762E+00,0.015,mg / gIU
TMI-1 NJ05YU,AG616-A1,241Pu,7.020E-01,0.019,mg / gIU
TMI-1 NJ05YU,AG616-A1,242Pu,7.650E-01,0.016,mg / gIU
TMI-1 NJ05YU,AG616-A1,237Np,7.810E-01,0.100,mg / gIU
TMI-1 NJ05YU,AG616-A1,241Am,9.840E-01,0.100,mg / gIU
TMI-1 NJ05YU,AG616-A1,243Am,1.950E-01,0.100,mg / gIU
TMI-1 NJ05YU,AG616-A1,244Cm,4.160E-02,0.100,mg / gIU
TMI-1 NJ05YU,AG616-A1,133Cs,1.434E+00,0.015,mg / gIU
TMI-1 NJ05YU,AG616-A1,134Cs,4.980E-04,0.100,mg / gIU
TMI-1 NJ05YU,AG616-A1,135Cs,5.729E-01,0.016,mg / gIU
TMI-1 NJ05YU,AG616-A1,137Cs,1.037E+00,0.016,mg / gIU
TMI-1 NJ05YU,AG616-A1,140Ce,1.615E+00,0.035,mg / gIU
TMI-1 NJ05YU,AG616-A1,142Ce,1.448E+00,0.035,mg / gIU
TMI-1 NJ05YU,AG616-A1,142Nd,3.107E-02,0.021,mg / gIU
TMI-1 NJ05YU,AG616-A1,143Nd,1.083E+00,0.019,mg / gIU
TMI-1 NJ05YU,AG616-A1,144Nd,1.884E+00,0.017,mg / gIU
TMI-1 NJ05YU,AG616-A1,145Nd,9.190E-01,0.019,mg / gIU
TMI-1 NJ05YU,AG616-A1,146Nd,9.840E-01,0.019,mg / gIU
TMI-1 NJ05YU,AG616-A1,148Nd,5.062E-01,0.019,mg / gIU
TMI-1 NJ05YU,AG616-A1,150Nd,2.403E-01,0.018,mg / gIU
TMI-1 NJ05YU,AG616-A1,147Sm,3.263E-01,0.016,mg / gIU
TMI-1 NJ05YU,AG616-A1,148Sm,2.204E-01,0.016,mg / gIU
TMI-1 NJ05YU,AG616-A1,149Sm,4.190E-03,0.024,mg / gIU
TMI-1 NJ05YU,AG616-A1,150Sm,3.870E-01,0.016,mg / gIU
TMI-1 NJ05YU,AG616-A1,151Sm,1.579E-02,0.025,mg / gIU
TMI-1 NJ05YU,AG616-A1,152Sm,1.297E-01,0.022,mg / gIU
TMI-1 NJ05YU,AG616-A1,154Sm,5.020E-02,0.020,mg / gIU
TMI-1 NJ05YU,AG616-A1,151Eu,1.995E-03,0.023,mg / gIU
TMI-1 NJ05YU,AG616-A1,152Eu,1.730E-04,0.059,mg / gIU
TMI-1 NJ05YU,AG616-A1,153Eu,1.521E-01,0.019,mg / gIU
TMI-1 NJ05YU,AG616-A1,154Eu,7.770E-03,0.020,mg / gIU
TMI-1 NJ05YU,AG616-A1,155Eu,8.290E-04,0.025,mg / gIU
TMI-1 NJ05YU,AG616-A1,152Gd,1.780E-04,0.072,mg / gIU
TMI-1 NJ05YU,AG616-A1,154Gd,2.967E-02,0.020,mg / gIU
TMI-1 NJ05YU,AG616-A1,155Gd,1.063E-02,0.019,mg / gIU
TMI-1 NJ05YU,AG616-A1,156Gd,1.375E-01,0.017,mg / gIU
TMI-1 NJ05YU,AG616-A1,157Gd,2.100E-04,0.084,mg / gIU
TMI-1 NJ05YU,AG616-A1,158Gd,2.270E-02,0.019,mg / gIU
TMI-1 NJ05YU,AG616-A1,160Gd,1.581E-03,0.022,mg / gIU
TMI-1 NJ05YU,AG616-A1,109Ag,1.120E-01,0.100,mg / gIU
TMI-1 NJ05YU,AG616-A1,95Mo,1.250E+00,0.100,mg / gIU
TMI-1 NJ05YU,AG616-A1,103Rh,7.880E-01,0.100,mg / gIU
TMI-1 NJ05YU,AG616-A1,99Tc,1.130E+00,0.100,mg / gIU
TMI-1 NJ05YU,AG616-B1,233U,4.700E-04,1.000,mg / gIU
TMI-1 NJ05YU,AG616-B1,234U,2.191E-01,0.024,mg / gIU
TMI-1 NJ05YU,AG616-B1,235U,6.310E+00,0.024,mg / gIU
TMI-1 NJ05YU,AG616-B1,236U,5.690E+00,0.024,mg / gIU
TMI-1 NJ05YU,AG616-B1,238U,9.280E+02,0.011,mg / gIU
TMI-1 NJ05YU,AG616-B1,238Pu,3.722E-01,0.018,mg / gIU
TMI-1 NJ05YU,AG616-B1,239Pu,5.851E+00,0.014,mg / gIU
TMI-1 NJ05YU,AG616-B1,240Pu,3.124E+00,0.015,mg / gIU
TMI-1 NJ05YU,AG616-B1,241Pu,7.780E-01,0.019,mg / gIU
TMI-1 NJ05YU,AG616-B1,242Pu,1.097E+00,0.016,mg / gIU
TMI-1 NJ05YU,AG616-B1,237Np,9.930E-01,0.100,mg / gIU
TMI-1 NJ05YU,AG616-B1,241Am,1.070E+00,0.100,mg / gIU
TMI-1 NJ05YU,AG616-B1,243Am,3.420E-01,0.100,mg / gIU
TMI-1 NJ05YU,AG616-B1,244Cm,9.280E-02,0.100,mg / gIU
TMI-1 NJ05YU,AG616-B1,133Cs,1.660E+00,0.015,mg / gIU
TMI-1 NJ05YU,AG616-B1,134Cs,6.650E-04,0.100,mg / gIU
TMI-1 NJ05YU,AG616-B1,135Cs,6.108E-01,0.016,mg / gIU
TMI-1 NJ05YU,AG616-B1,137Cs,1.249E+00,0.016,mg / gIU
TMI-1 NJ05YU,AG616-B1,140Ce,1.900E+00,0.035,mg / gIU
TMI-1 NJ05YU,AG616-B1,142Ce,1.700E+00,0.035,mg / gIU
TMI-1 NJ05YU,AG616-B1,142Nd,4.543E-02,0.021,mg / gIU
TMI-1 NJ05YU,AG616-B1,143Nd,1.160E+00,0.019,mg / gIU
TMI-1 NJ05YU,AG616-B1,144Nd,2.333E+00,0.017,mg / gIU
TMI-1 NJ05YU,AG616-B1,145Nd,1.050E+00,0.019,mg / gIU
TMI-1 NJ05YU,AG616-B1,146Nd,1.207E+00,0.019,mg / gIU
TMI-1 NJ05YU,AG616-B1,148Nd,6.080E-01,0.019,mg / gIU
TMI-1 NJ05YU,AG616-B1,150Nd,2.939E-01,0.018,mg / gIU
TMI-1 NJ05YU,AG616-B1,147Sm,3.386E-01,0.016,mg / gIU
TMI-1 NJ05YU,AG616-B1,148Sm,2.853E-01,0.016,mg / gIU
TMI-1 NJ05YU,AG616-B1,149Sm,3.650E-03,0.024,mg / gIU
TMI-1 NJ05YU,AG616-B1,150Sm,4.689E-01,0.016,mg / gIU
TMI-1 NJ05YU,AG616-B1,151Sm,1.394E-02,0.025,mg / gIU
TMI-1 NJ05YU,AG616-B1,152Sm,1.442E-01,0.022,mg / gIU
TMI-1 NJ05YU,AG616-B1,154Sm,6.250E-02,0.020,mg / gIU
TMI-1 NJ05YU,AG616-B1,151Eu,2.112E-03,0.023,mg / gIU
TMI-1 NJ05YU,AG616-B1,152Eu,2.670E-04,0.059,mg / gIU
TMI-1 NJ05YU,AG616-B1,153Eu,1.823E-01,0.019,mg / gIU
TMI-1 NJ05YU,AG616-B1,154Eu,9.620E-03,0.020,mg / gIU
TMI-1 NJ05YU,AG616-B1,155Eu,1.034E-03,0.025,mg / gIU
TMI-1 NJ05YU,AG616-B1,152Gd,1.830E-04,0.072,mg / gIU
TMI-1 NJ05YU,AG616-B1,154Gd,3.647E-02,0.020,mg / gIU
TMI-1 NJ05YU,AG616-B1,155Gd,1.330E-02,0.019,mg / gIU
TMI-1 NJ05YU,AG616-B1,156Gd,2.131E-01,0.017,mg / gIU
TMI-1 NJ05YU,AG616-B1,157Gd,1.840E-04,0.084,mg / gIU
TMI-1 NJ05YU,AG616-B1,158Gd,3.241E-02,0.019,mg / gIU
TMI-1 NJ05YU,AG616-B1,160Gd,2.016E-03,0.022,mg / gIU
TMI-1 NJ05YU,AG616-B1,109Ag,1.290E-01,0.100,mg / gIU
TMI-1 NJ05YU,AG616-B1,95Mo,1.410E+00,0.100,mg / gIU
TMI-1 NJ05YU,AG616-B1,103Rh,7.980E-01,0.100,mg / gIU
TMI-1 NJ05YU,AG616-B1,99Tc,1.370E+00,0.100,mg / gIU
TMI-1 NJ05YU,AG536-C2D1,233U,4.400E-04,1.000,mg / gIU
TMI-1 NJ05YU,AG536-C2D1,234U,2.193E-01,0.024,mg / gIU
TMI-1 NJ05YU,AG536-C2D1,235U,6.910E+00,0.013,mg / gIU
TMI-1 NJ05YU,AG536-C2D1,236U,5.680E+00,0.019,mg / gIU
TMI-1 NJ05YU,AG536-C2D1,238U,9.340E+02,0.010,mg / gIU
TMI-1 NJ05YU,AG536-C2D1,238Pu,3.903E-01,0.024,mg / gIU
TMI-1 NJ05YU,AG536-C2D1,239Pu,6.115E+00,0.015,mg / gIU
TMI-1 NJ05YU,AG536-C2D1,240Pu,3.191E+00,0.018,mg / gIU
TMI-1 NJ05YU,AG536-C2D1,241Pu,7.820E-01,0.020,mg / gIU
TMI-1 NJ05YU,AG536-C2D1,242Pu,1.012E+00,0.017,mg / gIU
TMI-1 NJ05YU,AG536-C2D1,237Np,9.920E-01,0.100,mg / gIU
TMI-1 NJ05YU,AG536-C2D1,241Am,9.840E-01,0.100,mg / gIU
TMI-1 NJ05YU,AG536-C2D1,243Am,3.130E-01,0.100,mg / gIU
TMI-1 NJ05YU,AG536-C2D1,244Cm,8.470E-02,0.100,mg / gIU
TMI-1 NJ05YU,AG536-C2D1,133Cs,1.629E+00,0.013,mg / gIU
TMI-1 NJ05YU,AG536-C2D1,134Cs,5.700E-04,0.100,mg / gIU
TMI-1 NJ05YU,AG536-C2D1,135Cs,6.108E-01,0.014,mg / gIU
TMI-1 NJ05YU,AG536-C2D1,137Cs,1.214E+00,0.014,mg / gIU
TMI-1 NJ05YU,AG536-C2D1,140Ce,1.873E+00,0.035,mg / gIU
TMI-1 NJ05YU,AG536-C2D1,142Ce,1.666E+00,0.036,mg / gIU
TMI-1 NJ05YU,AG536-C2D1,142Nd,4.278E-02,0.020,mg / gIU
TMI-1 NJ05YU,AG536-C2D1,143Nd,1.148E+00,0.020,mg / gIU
TMI-1 NJ05YU,AG536-C2D1,144Nd,2.236E+00,0.018,mg / gIU
TMI-1 NJ05YU,AG536-C2D1,145Nd,1.020E+00,0.020,mg / gIU
TMI-1 NJ05YU,AG536-C2D1,146Nd,1.163E+00,0.020,mg / gIU
TMI-1 NJ05YU,AG536-C2D1,148Nd,5.860E-01,0.021,mg / gIU
TMI-1 NJ05YU,AG536-C2D1,150Nd,2.798E-01,0.019,mg / gIU
TMI-1 NJ05YU,AG536-C2D1,147Sm,3.363E-01,0.016,mg / gIU
TMI-1 NJ05YU,AG536-C2D1,148Sm,2.767E-01,0.015,mg / gIU
TMI-1 NJ05YU,AG536-C2D1,149Sm,3.538E-03,0.020,mg / gIU
TMI-1 NJ05YU,AG536-C2D1,150Sm,4.552E-01,0.015,mg / gIU
TMI-1 NJ05YU,AG536-C2D1,151Sm,1.410E-02,0.020,mg / gIU
TMI-1 NJ05YU,AG536-C2D1,152Sm,1.381E-01,0.017,mg / gIU
TMI-1 NJ05YU,AG536-C2D1,154Sm,6.020E-02,0.017,mg / gIU
TMI-1 NJ05YU,AG536-C2D1,151Eu,2.081E-03,0.027,mg / gIU
TMI-1 NJ05YU,AG536-C2D1,152Eu,6.240E-05,0.110,mg / gIU
TMI-1 NJ05YU,AG536-C2D1,153Eu,1.762E-01,0.019,mg / gIU
TMI-1 NJ05YU,AG536-C2D1,154Eu,9.640E-03,0.022,mg / gIU
TMI-1 NJ05YU,AG536-C2D1,155Eu,1.011E-03,0.025,mg / gIU
TMI-1 NJ05YU,AG536-C2D1,152Gd,6.900E-05,0.160,mg / gIU
TMI-1 NJ05YU,AG536-C2D1,154Gd,3.631E-02,0.018,mg / gIU
TMI-1 NJ05YU,AG536-C2D1,155Gd,1.280E-02,0.018,mg / gIU
TMI-1 NJ05YU,AG536-C2D1,156Gd,1.994E-01,0.016,mg / gIU
TMI-1 NJ05YU,AG536-C2D1,157Gd,1.990E-04,0.049,mg / gIU
TMI-1 NJ05YU,AG536-C2D1,158Gd,3.044E-02,0.017,mg / gIU
TMI-1 NJ05YU,AG536-C2D1,160Gd,1.904E-03,0.021,mg / gIU
TMI-1 NJ05YU,AG536-C2D1,109Ag,1.230E-01,0.100,mg / gIU
TMI-1 NJ05YU,AG536-C2D1,95Mo,1.360E+00,0.100,mg / gIU
TMI-1 NJ05YU,AG536-C2D1,103Rh,7.290E-01,0.100,mg / gIU
TMI-1 NJ05YU,AG536-C2D1,99Tc,1.210E+00,0.100,mg / gIU
TMI-1 NJ05YU,AG536-C2D2,233U,6.500E-04,1.000,mg / gIU
TMI-1 NJ05YU,AG536-C2D2,234U,2.246E-01,0.041,mg / gIU
TMI-1 NJ05YU,AG536-C2D2,235U,6.570E+00,0.021,mg / gIU
TMI-1 NJ05YU,AG536-C2D2,236U,5.660E+00,0.022,mg / gIU
TMI-1 NJ05YU,AG536-C2D2,238U,9.310E+02,0.013,mg / gIU
TMI-1 NJ05YU,AG536-C2D2,238Pu,3.641E-01,0.011,mg / gIU
TMI-1 NJ05YU,AG536-C2D2,239Pu,5.842E+00,0.010,mg / gIU
TMI-1 NJ05YU,AG536-C2D2,240Pu,3.099E+00,0.011,mg / gIU
TMI-1 NJ05YU,AG536-C2D2,241Pu,7.460E-01,0.015,mg / gIU
TMI-1 NJ05YU,AG536-C2D2,242Pu,1.011E+00,0.013,mg / gIU
TMI-1 NJ05YU,AG536-C2D2,237Np,9.840E-01,0.100,mg / gIU
TMI-1 NJ05YU,AG536-C2D2,241Am,9.840E-01,0.100,mg / gIU
TMI-1 NJ05YU,AG536-C2D2,243Am,3.170E-01,0.100,mg / gIU
TMI-1 NJ05YU,AG536-C2D2,244Cm,8.480E-02,0.100,mg / gIU
TMI-1 NJ05YU,AG536-C2D2,133Cs,1.625E+00,0.019,mg / gIU
TMI-1 NJ05YU,AG536-C2D2,134Cs,6.410E-04,0.100,mg / gIU
TMI-1 NJ05YU,AG536-C2D2,135Cs,5.990E-01,0.021,mg / gIU
TMI-1 NJ05YU,AG536-C2D2,137Cs,1.216E+00,0.020,mg / gIU
TMI-1 NJ05YU,AG536-C2D2,140Ce,1.852E+00,0.024,mg / gIU
TMI-1 NJ05YU,AG536-C2D2,142Ce,1.659E+00,0.024,mg / gIU
TMI-1 NJ05YU,AG536-C2D2,142Nd,4.381E-02,0.019,mg / gIU
TMI-1 NJ05YU,AG536-C2D2,143Nd,1.145E+00,0.017,mg / gIU
TMI-1 NJ05YU,AG536-C2D2,144Nd,2.278E+00,0.016,mg / gIU
TMI-1 NJ05YU,AG536-C2D2,145Nd,1.029E+00,0.018,mg / gIU
TMI-1 NJ05YU,AG536-C2D2,146Nd,1.175E+00,0.018,mg / gIU
TMI-1 NJ05YU,AG536-C2D2,148Nd,5.920E-01,0.019,mg / gIU
TMI-1 NJ05YU,AG536-C2D2,150Nd,2.861E-01,0.018,mg / gIU
TMI-1 NJ05YU,AG536-C2D2,147Sm,3.383E-01,0.013,mg / gIU
TMI-1 NJ05YU,AG536-C2D2,148Sm,2.782E-01,0.014,mg / gIU
TMI-1 NJ05YU,AG536-C2D2,149Sm,3.444E-03,0.023,mg / gIU
TMI-1 NJ05YU,AG536-C2D2,150Sm,4.599E-01,0.013,mg / gIU
TMI-1 NJ05YU,AG536-C2D2,151Sm,1.367E-02,0.018,mg / gIU
TMI-1 NJ05YU,AG536-C2D2,152Sm,1.416E-01,0.015,mg / gIU
TMI-1 NJ05YU,AG536-C2D2,154Sm,6.048E-02,0.015,mg / gIU
TMI-1 NJ05YU,AG536-C2D2,151Eu,2.081E-03,0.024,mg / gIU
TMI-1 NJ05YU,AG536-C2D2,152Eu,2.680E-04,0.063,mg / gIU
TMI-1 NJ05YU,AG536-C2D2,153Eu,1.782E-01,0.020,mg / gIU
TMI-1 NJ05YU,AG536-C2D2,154Eu,9.580E-03,0.020,mg / gIU
TMI-1 NJ05YU,AG536-C2D2,155Eu,1.059E-03,0.024,mg / gIU
TMI-1 NJ05YU,AG536-C2D2,152Gd,1.960E-04,0.060,mg / gIU
TMI-1 NJ05YU,AG536-C2D2,154Gd,3.588E-02,0.020,mg / gIU
TMI-1 NJ05YU,AG536-C2D2,155Gd,1.295E-02,0.020,mg / gIU
TMI-1 NJ05YU,AG536-C2D2,156Gd,2.031E-01,0.018,mg / gIU
TMI-1 NJ05YU,AG536-C2D2,157Gd,2.040E-04,0.064,mg / gIU
TMI-1 NJ05YU,AG536-C2D2,158Gd,3.074E-02,0.020,mg / gIU
TMI-1 NJ05YU,AG536-C2D2,160Gd,1.930E-03,0.029,mg / gIU
TMI-1 NJ05YU,AG536-C2D2,109Ag,1.230E-01,0.100,mg / gIU
TMI-1 NJ05YU,AG536-C2D2,95Mo,1.440E+00,0.100,mg / gIU
TMI-1 NJ05YU,AG536-C2D2,103Rh,8.040E-01,0.100,mg / gIU
TMI-1 NJ05YU,AG536-C2D2,99Tc,1.370E+00,0.100,mg / gIU
TMI-1 NJ05YU,AG616-B2,233U,5.900E-04,1.000,mg / gIU
TMI-1 NJ05YU,AG616-B2,234U,2.210E-01,0.250,mg / gIU
TMI-1 NJ05YU,AG616-B2,235U,7.370E+00,0.018,mg / gIU
TMI-1 NJ05YU,AG616-B2,236U,5.660E+00,0.022,mg / gIU
TMI-1 NJ05YU,AG616-B2,238U,9.300E+02,0.016,mg / gIU
TMI-1 NJ05YU,AG616-B2,238Pu,3.440E-01,0.029,mg / gIU
TMI-1 NJ05YU,AG616-B2,239Pu,6.280E+00,0.016,mg / gIU
TMI-1 NJ05YU,AG616-B2,240Pu,3.166E+00,0.017,mg / gIU
TMI-1 NJ05YU,AG616-B2,241Pu,8.010E-01,0.025,mg / gIU
TMI-1 NJ05YU,AG616-B2,242Pu,1.003E+00,0.020,mg / gIU
TMI-1 NJ05YU,AG616-B2,237Np,9.530E-01,0.100,mg / gIU
TMI-1 NJ05YU,AG616-B2,241Am,1.070E+00,0.100,mg / gIU
TMI-1 NJ05YU,AG616-B2,243Am,3.000E-01,0.100,mg / gIU
TMI-1 NJ05YU,AG616-B2,244Cm,7.850E-02,0.100,mg / gIU
TMI-1 NJ05YU,AG616-B2,133Cs,1.593E+00,0.020,mg / gIU
TMI-1 NJ05YU,AG616-B2,134Cs,5.700E-04,0.100,mg / gIU
TMI-1 NJ05YU,AG616-B2,135Cs,6.220E-01,0.022,mg / gIU
TMI-1 NJ05YU,AG616-B2,137Cs,1.198E+00,0.021,mg / gIU
TMI-1 NJ05YU,AG616-B2,140Ce,1.859E+00,0.023,mg / gIU
TMI-1 NJ05YU,AG616-B2,142Ce,1.660E+00,0.023,mg / gIU
TMI-1 NJ05YU,AG616-B2,142Nd,4.109E-02,0.017,mg / gIU
TMI-1 NJ05YU,AG616-B2,143Nd,1.158E+00,0.016,mg / gIU
TMI-1 NJ05YU,AG616-B2,144Nd,2.192E+00,0.014,mg / gIU
TMI-1 NJ05YU,AG616-B2,145Nd,1.013E+00,0.016,mg / gIU
TMI-1 NJ05YU,AG616-B2,146Nd,1.144E+00,0.015,mg / gIU
TMI-1 NJ05YU,AG616-B2,148Nd,5.799E-01,0.017,mg / gIU
TMI-1 NJ05YU,AG616-B2,150Nd,2.787E-01,0.016,mg / gIU
TMI-1 NJ05YU,AG616-B2,147Sm,3.367E-01,0.017,mg / gIU
TMI-1 NJ05YU,AG616-B2,148Sm,2.740E-01,0.017,mg / gIU
TMI-1 NJ05YU,AG616-B2,149Sm,3.726E-03,0.021,mg / gIU
TMI-1 NJ05YU,AG616-B2,150Sm,4.522E-01,0.017,mg / gIU
TMI-1 NJ05YU,AG616-B2,151Sm,1.477E-02,0.024,mg / gIU
TMI-1 NJ05YU,AG616-B2,152Sm,1.387E-01,0.018,mg / gIU
TMI-1 NJ05YU,AG616-B2,154Sm,5.970E-02,0.018,mg / gIU
TMI-1 NJ05YU,AG616-B2,151Eu,2.136E-03,0.027,mg / gIU
TMI-1 NJ05YU,AG616-B2,152Eu,1.160E-04,0.042,mg / gIU
TMI-1 NJ05YU,AG616-B2,153Eu,1.764E-01,0.020,mg / gIU
TMI-1 NJ05YU,AG616-B2,154Eu,9.710E-03,0.021,mg / gIU
TMI-1 NJ05YU,AG616-B2,155Eu,9.960E-04,0.029,mg / gIU
TMI-1 NJ05YU,AG616-B2,152Gd,1.100E-04,0.098,mg / gIU
TMI-1 NJ05YU,AG616-B2,154Gd,3.660E-02,0.029,mg / gIU
TMI-1 NJ05YU,AG616-B2,155Gd,1.266E-02,0.019,mg / gIU
TMI-1 NJ05YU,AG616-B2,156Gd,1.931E-01,0.016,mg / gIU
TMI-1 NJ05YU,AG616-B2,157Gd,2.460E-04,0.076,mg / gIU
TMI-1 NJ05YU,AG616-B2,158Gd,3.015E-02,0.018,mg / gIU
TMI-1 NJ05YU,AG616-B2,160Gd,1.912E-03,0.024,mg / gIU
TMI-1 NJ05YU,AG616-B2,109Ag,1.050E-01,0.100,mg / gIU
TMI-1 NJ05YU,AG616-B2,95Mo,1.270E+00,0.100,mg / gIU
TMI-1 NJ05YU,AG616-B2,103Rh,6.910E-01,0.100,mg / gIU
TMI-1 NJ05YU,AG616-B2,99Tc,1.120E+00,0.100,mg / gIU
Calvert Cliffs,87-81,U-234,1.820E-04,0.023,g / gIU
Calvert Cliffs,87-81,U-235,9.610E-03,0.023,g / gIU
Calvert Cliffs,87-81,U-236,3.560E-03,0.023,g / gIU
Calvert Cliffs,87-81,U-238,9.560E-01,0.023,g / gIU
Calvert Cliffs,87-81,Pu-238,1.150E-04,0.023,g / gIU
Calvert Cliffs,87-81,Pu-239,4.830E-03,0.023,g / gIU
Calvert Cliffs,87-81,Pu-240,1.950E-03,0.023,g / gIU
Calvert Cliffs,87-81,Pu-241,7.730E-04,0.023,g / gIU
Calvert Cliffs,87-81,Pu-242,3.280E-04,0.023,g / gIU
Calvert Cliffs,87-81,Np-237,3.040E-04,0.025,g / gIU
Calvert Cliffs,87-81,Am-241,2.820E-04,0.052,g / gIU
Calvert Cliffs,87-81,Cs-133,9.640E-04,,g / gIU
Calvert Cliffs,87-81,Cs-134,1.130E-05,,g / gIU
Calvert Cliffs,87-81,Cs-135,4.080E-04,0.141,g / gIU
Calvert Cliffs,87-81,Cs-137,8.740E-04,0.038,g / gIU
Calvert Cliffs,87-81,Nd-143,6.950E-04,0.019,g / gIU
Calvert Cliffs,87-81,Nd-144,1.070E-03,,g / gIU
Calvert Cliffs,87-81,Nd-145,5.790E-04,0.019,g / gIU
Calvert Cliffs,87-81,Nd-146,5.560E-04,,g / gIU
Calvert Cliffs,87-81,Nd-148,3.010E-04,,g / gIU
Calvert Cliffs,87-81,Nd-150,1.410E-04,,g / gIU
Calvert Cliffs,87-81,Sm-147,2.300E-04,0.038,g / gIU
Calvert Cliffs,87-81,Sm-148,1.000E-04,0.026,g / gIU
Calvert Cliffs,87-81,Sm-149,2.900E-06,0.201,g / gIU
Calvert Cliffs,87-81,Sm-150,2.090E-04,0.046,g / gIU
Calvert Cliffs,87-81,Sm-151,7.530E-06,0.385,g / gIU
Calvert Cliffs,87-81,Sm-152,8.970E-05,0.037,g / gIU
Calvert Cliffs,87-81,Sm-154,3.070E-05,0.060,g / gIU
Calvert Cliffs,87-81,Eu-151,1.790E-06,0.099,g / gIU
Calvert Cliffs,87-81,Eu-152,1.160E-07,1.000,g / gIU
Calvert Cliffs,87-81,Eu-153,8.520E-05,0.026,g / gIU
Calvert Cliffs,87-81,Eu-154,6.080E-06,0.088,g / gIU
Calvert Cliffs,87-81,Eu-155,1.040E-06,0.168,g / gIU
Calvert Cliffs,87-81,Gd-154,1.370E-05,0.028,g / gIU
Calvert Cliffs,87-81,Gd-155,6.250E-06,0.042,g / gIU
Calvert Cliffs,87-81,Gd-156,6.370E-05,0.026,g / gIU
Calvert Cliffs,87-81,Gd-158,1.400E-05,0.028,g / gIU
Calvert Cliffs,87-81,Gd-160,1.450E-06,0.121,g / gIU
Calvert Cliffs,87-81,Tc-99,6.350E-04,0.059,g / gIU
Calvert Cliffs,87-81,Sr-90,3.780E-04,0.038,g / gIU
Calvert Cliffs,87-72,U-234,1.590E-04,0.023,g / gIU
Calvert Cliffs,87-72,U-235,5.870E-03,0.023,g / gIU
Calvert Cliffs,87-72,U-236,4.000E-03,0.023,g / gIU
Calvert Cliffs,87-72,U-238,9.450E-01,0.023,g / gIU
Calvert Cliffs,87-72,Pu-238,2.140E-04,0.023,g / gIU
Calvert Cliffs,87-72,Pu-239,4.950E-03,0.023,g / gIU
Calvert Cliffs,87-72,Pu-240,2.540E-03,0.023,g / gIU
Calvert Cliffs,87-72,Pu-241,1.020E-03,0.023,g / gIU
Calvert Cliffs,87-72,Pu-242,6.530E-04,0.023,g / gIU
Calvert Cliffs,87-72,Np-237,4.040E-04,0.025,g / gIU
Calvert Cliffs,87-72,Am-241,3.890E-04,0.052,g / gIU
Calvert Cliffs,87-72,Cs-133,1.240E-03,,g / gIU
Calvert Cliffs,87-72,Cs-134,2.270E-05,,g / gIU
Calvert Cliffs,87-72,Cs-135,4.540E-04,0.141,g / gIU
Calvert Cliffs,87-72,Cs-137,1.180E-03,0.038,g / gIU
Calvert Cliffs,87-72,Nd-143,8.120E-04,0.019,g / gIU
Calvert Cliffs,87-72,Nd-144,1.520E-03,,g / gIU
Calvert Cliffs,87-72,Nd-145,7.410E-04,0.019,g / gIU
Calvert Cliffs,87-72,Nd-146,7.740E-04,,g / gIU
Calvert Cliffs,87-72,Nd-148,4.070E-04,,g / gIU
Calvert Cliffs,87-72,Nd-150,1.950E-04,,g / gIU
Calvert Cliffs,87-72,Sm-147,2.700E-04,0.031,g / gIU
Calvert Cliffs,87-72,Sm-148,1.610E-04,0.030,g / gIU
Calvert Cliffs,87-72,Sm-149,1.850E-06,0.121,g / gIU
Calvert Cliffs,87-72,Sm-150,2.900E-04,0.030,g / gIU
Calvert Cliffs,87-72,Sm-151,9.410E-06,0.037,g / gIU
Calvert Cliffs,87-72,Sm-152,1.100E-04,0.033,g / gIU
Calvert Cliffs,87-72,Sm-154,3.810E-05,0.030,g / gIU
Calvert Cliffs,87-72,Eu-151,1.050E-06,0.033,g / gIU
Calvert Cliffs,87-72,Eu-152,5.660E-08,0.033,g / gIU
Calvert Cliffs,87-72,Eu-153,1.300E-04,0.033,g / gIU
Calvert Cliffs,87-72,Eu-154,8.760E-06,0.064,g / gIU
Calvert Cliffs,87-72,Eu-155,1.370E-06,0.062,g / gIU
Calvert Cliffs,87-72,Gd-154,1.500E-05,0.036,g / gIU
Calvert Cliffs,87-72,Gd-155,7.410E-06,0.036,g / gIU
Calvert Cliffs,87-72,Gd-156,7.330E-05,0.036,g / gIU
Calvert Cliffs,87-72,Gd-158,1.490E-05,0.036,g / gIU
Calvert Cliffs,87-72,Gd-160,,,g / gIU
Calvert Cliffs,87-72,Tc-99,8.170E-04,0.059,g / gIU
Calvert Cliffs,87-72,Sr-90,4.860E-04,0.038,g / gIU
Calvert Cliffs,87-63,U-234,1.360E-04,0.023,g / gIU
Calvert Cliffs,87-63,U-235,4.020E-03,0.023,g / gIU
Calvert Cliffs,87-63,U-236,4.190E-03,0.023,g / gIU
Calvert Cliffs,87-63,U-238,9.360E-01,0.023,g / gIU
Calvert Cliffs,87-63,Pu-238,3.050E-04,0.023,g / gIU
Calvert Cliffs,87-63,Pu-239,4.950E-03,0.023,g / gIU
Calvert Cliffs,87-63,Pu-240,2.880E-03,0.023,g / gIU
Calvert Cliffs,87-63,Pu-241,1.160E-03,0.023,g / gIU
Calvert Cliffs,87-63,Pu-242,9.530E-04,0.023,g / gIU
Calvert Cliffs,87-63,Np-237,5.310E-04,0.025,g / gIU
Calvert Cliffs,87-63,Am-241,4.320E-04,0.052,g / gIU
Calvert Cliffs,87-63,Cs-133,1.410E-03,,g / gIU
Calvert Cliffs,87-63,Cs-134,3.400E-05,,g / gIU
Calvert Cliffs,87-63,Cs-135,4.880E-04,0.141,g / gIU
Calvert Cliffs,87-63,Cs-137,1.420E-03,0.038,g / gIU
Calvert Cliffs,87-63,Nd-143,8.660E-04,0.019,g / gIU
Calvert Cliffs,87-63,Nd-144,1.860E-03,,g / gIU
Calvert Cliffs,87-63,Nd-145,8.440E-04,0.019,g / gIU
Calvert Cliffs,87-63,Nd-146,9.420E-04,,g / gIU
Calvert Cliffs,87-63,Nd-148,4.860E-04,,g / gIU
Calvert Cliffs,87-63,Nd-150,2.360E-04,,g / gIU
Calvert Cliffs,87-63,Sm-147,3.080E-04,0.038,g / gIU
Calvert Cliffs,87-63,Sm-148,2.240E-04,0.038,g / gIU
Calvert Cliffs,87-63,Sm-149,4.560E-06,0.076,g / gIU
Calvert Cliffs,87-63,Sm-150,3.640E-04,0.038,g / gIU
Calvert Cliffs,87-63,Sm-151,1.070E-05,0.051,g / gIU
Calvert Cliffs,87-63,Sm-152,1.330E-04,0.043,g / gIU
Calvert Cliffs,87-63,Sm-154,5.630E-05,0.038,g / gIU
Calvert Cliffs,87-63,Eu-151,3.430E-06,0.034,g / gIU
Calvert Cliffs,87-63,Eu-152,4.490E-07,0.034,g / gIU
Calvert Cliffs,87-63,Eu-153,1.620E-04,0.034,g / gIU
Calvert Cliffs,87-63,Eu-154,1.090E-05,0.070,g / gIU
Calvert Cliffs,87-63,Eu-155,1.790E-06,0.069,g / gIU
Calvert Cliffs,87-63,Gd-154,2.000E-05,0.039,g / gIU
Calvert Cliffs,87-63,Gd-155,9.960E-06,0.039,g / gIU
Calvert Cliffs,87-63,Gd-156,9.510E-05,0.039,g / gIU
Calvert Cliffs,87-63,Gd-158,2.060E-05,0.039,g / gIU
Calvert Cliffs,87-63,Gd-160,,,g / gIU
Calvert Cliffs,87-63,Tc-99,8.850E-04,0.059,g / gIU
Calvert Cliffs,87-63,Sr-90,5.410E-04,0.038,g / gIU
ARIANE,GU1,U-234,1.200E-04,0.025,g / gIU
ARIANE,GU1,U-235,2.110E-03,0.010,g / gIU
ARIANE,GU1,U-236,4.830E-03,0.003,g / gIU
ARIANE,GU1,U-238,9.200E-01,0.002,g / gIU
ARIANE,GU1,Pu-238,4.540E-04,0.015,g / gIU
ARIANE,GU1,Pu-239,4.890E-03,0.003,g / gIU
ARIANE,GU1,Pu-240,3.180E-03,0.003,g / gIU
ARIANE,GU1,Pu-241,1.440E-03,0.003,g / gIU
ARIANE,GU1,Pu-242,1.550E-03,0.003,g / gIU
ARIANE,GU1,Np-237,8.110E-04,0.030,g / gIU
ARIANE,GU1,Am-241,2.480E-04,0.018,g / gIU
ARIANE,GU1,Am-242m,6.850E-07,0.053,g / gIU
ARIANE,GU1,Am-243,4.030E-04,0.018,g / gIU
ARIANE,GU1,Cm-242,3.090E-07,0.036,g / gIU
ARIANE,GU1,Cm-243,3.380E-07,0.368,g / gIU
ARIANE,GU1,Cm-244,2.440E-04,0.015,g / gIU
ARIANE,GU1,Cm-245,1.750E-05,0.030,g / gIU
ARIANE,GU1,Cm-246,5.290E-06,0.101,g / gIU
ARIANE,GU1,Cs-133,1.720E-03,0.025,g / gIU
ARIANE,GU1,Cs-134,1.080E-04,0.025,g / gIU
ARIANE,GU1,Cs-135,5.160E-04,0.025,g / gIU
ARIANE,GU1,Cs-137,2.030E-03,0.025,g / gIU
ARIANE,GU1,Ce-144,3.370E-05,0.039,g / gIU
ARIANE,GU1,Nd-142,6.770E-05,0.050,g / gIU
ARIANE,GU1,Nd-143,9.330E-04,0.003,g / gIU
ARIANE,GU1,Nd-144,2.630E-03,0.003,g / gIU
ARIANE,GU1,Nd-145,1.040E-03,0.003,g / gIU
ARIANE,GU1,Nd-146,1.330E-03,0.003,g / gIU
ARIANE,GU1,Nd-148,6.660E-04,0.003,g / gIU
ARIANE,GU1,Nd-150,3.390E-04,0.003,g / gIU
ARIANE,GU1,Pm-147,1.370E-04,0.051,g / gIU
ARIANE,GU1,Sm-147,2.220E-04,0.003,g / gIU
ARIANE,GU1,Sm-148,3.240E-04,0.003,g / gIU
ARIANE,GU1,Sm-149,3.280E-06,0.011,g / gIU
ARIANE,GU1,Sm-150,5.080E-04,0.003,g / gIU
ARIANE,GU1,Sm-151,1.300E-05,0.004,g / gIU
ARIANE,GU1,Sm-152,1.660E-04,0.003,g / gIU
ARIANE,GU1,Sm-154,8.040E-05,0.003,g / gIU
ARIANE,GU1,Eu-151,7.180E-07,0.011,g / gIU
ARIANE,GU1,Eu-153,2.100E-04,0.003,g / gIU
ARIANE,GU1,Eu-154,3.220E-05,0.020,g / gIU
ARIANE,GU1,Eu-155,1.130E-05,0.026,g / gIU
ARIANE,GU1,Gd-155,5.630E-06,0.025,g / gIU
ARIANE,GU1,Sr-90,9.720E-04,0.075,g / gIU
ARIANE,GU1,Mo-95,1.230E-03,0.039,g / gIU
ARIANE,GU1,Tc-99,1.250E-03,0.063,g / gIU
ARIANE,GU1,Ru-101,1.290E-03,0.046,g / gIU
ARIANE,GU1,Ru-106,2.560E-04,0.028,g / gIU
ARIANE,GU1,Rh-103,6.130E-04,0.045,g / gIU
ARIANE,GU1,Ag-109,7.510E-05,0.052,g / gIU
ARIANE,GU1,Sb-125,9.290E-06,0.051,g / gIU
REBUS,GKN-II,U-234,1.620E-01,0.025,g / gU238
REBUS,GKN-II,U-235,5.560E+00,0.005,g / gU238
REBUS,GKN-II,U-236,5.810E+00,0.005,g / gU238
REBUS,GKN-II,U-238,1.000E+03,0.025,g / gU238
REBUS,GKN-II,Np-237,6.600E-01,0.100,g / gU238
REBUS,GKN-II,Pu-238,4.650E-01,0.016,g / gU238
REBUS,GKN-II,Pu-239,6.260E+00,0.004,g / gU238
REBUS,GKN-II,Pu-240,3.490E+00,0.004,g / gU238
REBUS,GKN-II,Pu-241,1.407E+00,0.004,g / gU238
REBUS,GKN-II,Pu-242,1.271E+00,0.004,g / gU238
REBUS,GKN-II,Am-241,5.700E-01,0.018,g / gU238
REBUS,GKN-II,Am-242m,1.700E-03,0.055,g / gU238
REBUS,GKN-II,Am-243,2.700E-01,0.018,g / gU238
REBUS,GKN-II,Cm-242,4.700E-06,0.160,g / gU238
REBUS,GKN-II,Cm-243,8.400E-04,0.100,g / gU238
REBUS,GKN-II,Cm-244,1.440E-01,0.013,g / gU238
REBUS,GKN-II,Cm-245,1.440E-02,0.028,g / gU238
REBUS,GKN-II,Mo-95,1.130E+00,0.050,g / gU238
REBUS,GKN-II,Tc-99,1.360E+00,0.050,g / gU238
REBUS,GKN-II,Ru-101,1.050E+00,0.050,g / gU238
REBUS,GKN-II,Rh-103,6.300E-01,0.050,g / gU238
REBUS,GKN-II,Pd-105,4.900E-01,0.050,g / gU238
REBUS,GKN-II,Pd-108,1.920E-01,0.050,g / gU238
REBUS,GKN-II,Ag-109,1.160E-01,0.050,g / gU238
REBUS,GKN-II,Cs-133,1.740E+00,0.013,g / gU238
REBUS,GKN-II,Cs-135,6.250E-01,0.013,g / gU238
REBUS,GKN-II,Cs-137,1.820E+00,0.013,g / gU238
REBUS,GKN-II,Ce-144,5.300E-04,0.050,g / gU238
REBUS,GKN-II,Nd-142,5.660E-02,0.005,g / gU238
REBUS,GKN-II,Nd-143,1.162E+00,0.004,g / gU238
REBUS,GKN-II,Nd-144,2.449E+00,0.004,g / gU238
REBUS,GKN-II,Nd-145,1.081E+00,0.004,g / gU238
REBUS,GKN-II,Nd-146,1.276E+00,0.004,g / gU238
REBUS,GKN-II,Nd-148,6.470E-01,0.004,g / gU238
REBUS,GKN-II,Nd-150,3.200E-01,0.004,g / gU238
REBUS,GKN-II,Sm-147,3.240E-01,0.005,g / gU238
REBUS,GKN-II,Sm-148,3.130E-01,0.005,g / gU238
REBUS,GKN-II,Sm-149,2.590E-03,0.011,g / gU238
REBUS,GKN-II,Sm-150,5.180E-01,0.005,g / gU238
REBUS,GKN-II,Sm-151,1.551E-02,0.005,g / gU238
REBUS,GKN-II,Sm-152,1.598E-01,0.005,g / gU238
REBUS,GKN-II,Sm-154,7.270E-02,0.005,g / gU238
REBUS,GKN-II,Eu-153,2.086E-01,0.005,g / gU238
REBUS,GKN-II,Eu-154,2.500E-02,0.017,g / gU238
REBUS,GKN-II,Eu-155,6.700E-03,0.030,g / gU238
REBUS,GKN-II,Gd-155,1.100E-02,0.025,g / gU238
CANDU28,Pickering-A 19558C,u235,1.680E-03,0.024,at % / element
CANDU28,Pickering-A 19558C,u236,8.200E-04,0.037,at % / element
CANDU28,Pickering-A 19558C,u238,9.975E-01,0.000,at % / element
CANDU28,Pickering-A 19558C,pu238,1.400E-03,0.056,at % / element
CANDU28,Pickering-A 19558C,pu239,6.491E-01,0.025,at % / element
CANDU28,Pickering-A 19558C,pu240,2.945E-01,0.037,at % / element
CANDU28,Pickering-A 19558C,pu241,3.240E-02,0.091,at % / element
CANDU28,Pickering-A 19558C,pu242,2.270E-02,0.067,at % / element
CANDU28,Pickering-A 19558C,h3,2.070E+09,0.070,Bq / kgU
CANDU28,Pickering-A 19558C,sr90,4.860E+11,0.040,Bq / kgU
CANDU28,Pickering-A 19558C,tc99,1.080E+08,0.100,Bq / kgU
CANDU28,Pickering-A 19558C,ru106,8.720E+07,0.050,Bq / kgU
CANDU28,Pickering-A 19558C,sb125,2.200E+09,0.180,Bq / kgU
CANDU28,Pickering-A 19558C,i129,2.440E+05,,Bq / kgU
CANDU28,Pickering-A 19558C,cs134,4.160E+09,0.070,Bq / kgU
CANDU28,Pickering-A 19558C,cs137,8.050E+11,0.050,Bq / kgU
CANDU28,Pickering-A 19558C,eu154,8.140E+09,0.050,Bq / kgU
CANDU28,Pickering-A 19558C,eu155,3.350E+09,0.080,Bq / kgU
CANDU28,Pickering-A 19558C,np237,9.990E+05,0.200,Bq / kgU
CANDU28,Pickering-A 19558C,am241,1.860E+10,0.200,Bq / kgU
CANDU28,Pickering-A 19558C,cm244,7.120E+08,0.150,Bq / kgU
