Sample,Isotope,Evaluation,mg / gIU
AG536-C2D1,233U,ENDF VII.0,8.867E-06
AG536-C2D1,234U,ENDF VII.0,2.296E-01
AG536-C2D1,235U,ENDF VII.0,6.556E+00
AG536-C2D1,236U,ENDF VII.0,5.628E+00
AG536-C2D1,238U,ENDF VII.0,9.195E+02
AG536-C2D1,238Pu,ENDF VII.0,3.370E-01
AG536-C2D1,239Pu,ENDF VII.0,6.315E+00
AG536-C2D1,240Pu,ENDF VII.0,3.288E+00
AG536-C2D1,241Pu,ENDF VII.0,7.846E-01
AG536-C2D1,242Pu,ENDF VII.0,9.801E-01
AG536-C2D1,237Np,ENDF VII.0,7.479E-01
AG536-C2D1,241Am,ENDF VII.0,1.140E+00
AG536-C2D1,243Am,ENDF VII.0,2.779E-01
AG536-C2D1,244Cm,ENDF VII.0,6.818E-02
AG536-C2D1,133Cs,ENDF VII.0,1.665E+00
AG536-C2D1,134Cs,ENDF VII.0,5.909E-04
AG536-C2D1,135Cs,ENDF VII.0,5.992E-01
AG536-C2D1,137Cs,ENDF VII.0,1.259E+00
AG536-C2D1,140Ce,ENDF VII.0,1.936E+00
AG536-C2D1,142Ce,ENDF VII.0,1.754E+00
AG536-C2D1,142Nd,ENDF VII.0,4.297E-02
AG536-C2D1,143Nd,ENDF VII.0,1.119E+00
AG536-C2D1,144Nd,ENDF VII.0,2.142E+00
AG536-C2D1,145Nd,ENDF VII.0,9.765E-01
AG536-C2D1,146Nd,ENDF VII.0,1.153E+00
AG536-C2D1,148Nd,ENDF VII.0,5.855E-01
AG536-C2D1,150Nd,ENDF VII.0,2.879E-01
AG536-C2D1,147Sm,ENDF VII.0,3.332E-01
AG536-C2D1,148Sm,ENDF VII.0,2.587E-01
AG536-C2D1,149Sm,ENDF VII.0,3.415E-03
AG536-C2D1,150Sm,ENDF VII.0,4.642E-01
AG536-C2D1,151Sm,ENDF VII.0,1.339E-02
AG536-C2D1,152Sm,ENDF VII.0,1.405E-01
AG536-C2D1,154Sm,ENDF VII.0,6.375E-02
AG536-C2D1,151Eu,ENDF VII.0,1.992E-03
AG536-C2D1,152Eu,ENDF VII.0,6.358E-06
AG536-C2D1,153Eu,ENDF VII.0,1.857E-01
AG536-C2D1,154Eu,ENDF VII.0,1.065E-02
AG536-C2D1,155Eu,ENDF VII.0,1.050E-03
AG536-C2D1,152Gd,ENDF VII.0,4.399E-05
AG536-C2D1,154Gd,ENDF VII.0,3.989E-02
AG536-C2D1,155Gd,ENDF VII.0,1.324E-02
AG536-C2D1,156Gd,ENDF VII.0,1.925E-01
AG536-C2D1,157Gd,ENDF VII.0,1.642E-04
AG536-C2D1,158Gd,ENDF VII.0,3.613E-02
AG536-C2D1,160Gd,ENDF VII.0,1.972E-03
AG536-C2D1,109Ag,ENDF VII.0,1.211E-01
AG536-C2D1,95Mo,ENDF VII.0,1.125E+00
AG536-C2D1,103Rh,ENDF VII.0,6.916E-01
AG536-C2D1,99Tc,ENDF VII.0,1.199E+00
AG536-C2D1,233U,ENDF VII.1,7.975E-06
AG536-C2D1,234U,ENDF VII.1,2.357E-01
AG536-C2D1,235U,ENDF VII.1,6.496E+00
AG536-C2D1,236U,ENDF VII.1,5.624E+00
AG536-C2D1,238U,ENDF VII.1,9.198E+02
AG536-C2D1,238Pu,ENDF VII.1,3.773E-01
AG536-C2D1,239Pu,ENDF VII.1,6.175E+00
AG536-C2D1,240Pu,ENDF VII.1,3.228E+00
AG536-C2D1,241Pu,ENDF VII.1,7.771E-01
AG536-C2D1,242Pu,ENDF VII.1,1.018E+00
AG536-C2D1,237Np,ENDF VII.1,7.394E-01
AG536-C2D1,241Am,ENDF VII.1,1.122E+00
AG536-C2D1,243Am,ENDF VII.1,2.492E-01
AG536-C2D1,244Cm,ENDF VII.1,6.957E-02
AG536-C2D1,133Cs,ENDF VII.1,1.675E+00
AG536-C2D1,134Cs,ENDF VII.1,5.776E-04
AG536-C2D1,135Cs,ENDF VII.1,5.974E-01
AG536-C2D1,137Cs,ENDF VII.1,1.259E+00
AG536-C2D1,140Ce,ENDF VII.1,1.937E+00
AG536-C2D1,142Ce,ENDF VII.1,1.752E+00
AG536-C2D1,142Nd,ENDF VII.1,4.335E-02
AG536-C2D1,143Nd,ENDF VII.1,1.116E+00
AG536-C2D1,144Nd,ENDF VII.1,2.147E+00
AG536-C2D1,145Nd,ENDF VII.1,9.936E-01
AG536-C2D1,146Nd,ENDF VII.1,1.137E+00
AG536-C2D1,148Nd,ENDF VII.1,5.857E-01
AG536-C2D1,150Nd,ENDF VII.1,2.879E-01
AG536-C2D1,147Sm,ENDF VII.1,3.311E-01
AG536-C2D1,148Sm,ENDF VII.1,2.598E-01
AG536-C2D1,149Sm,ENDF VII.1,3.390E-03
AG536-C2D1,150Sm,ENDF VII.1,4.655E-01
AG536-C2D1,151Sm,ENDF VII.1,1.331E-02
AG536-C2D1,152Sm,ENDF VII.1,1.403E-01
AG536-C2D1,154Sm,ENDF VII.1,6.379E-02
AG536-C2D1,151Eu,ENDF VII.1,1.980E-03
AG536-C2D1,152Eu,ENDF VII.1,6.225E-06
AG536-C2D1,153Eu,ENDF VII.1,1.796E-01
AG536-C2D1,154Eu,ENDF VII.1,1.079E-02
AG536-C2D1,155Eu,ENDF VII.1,1.067E-03
AG536-C2D1,152Gd,ENDF VII.1,4.357E-05
AG536-C2D1,154Gd,ENDF VII.1,4.045E-02
AG536-C2D1,155Gd,ENDF VII.1,1.345E-02
AG536-C2D1,156Gd,ENDF VII.1,1.978E-01
AG536-C2D1,157Gd,ENDF VII.1,1.655E-04
AG536-C2D1,158Gd,ENDF VII.1,3.650E-02
AG536-C2D1,160Gd,ENDF VII.1,1.970E-03
AG536-C2D1,109Ag,ENDF VII.1,1.209E-01
AG536-C2D1,95Mo,ENDF VII.1,1.131E+00
AG536-C2D1,103Rh,ENDF VII.1,7.039E-01
AG536-C2D1,99Tc,ENDF VII.1,1.217E+00
AG536-C2D1,233U,ENDF VII.0 + mod-Wright,8.869E-06
AG536-C2D1,234U,ENDF VII.0 + mod-Wright,2.296E-01
AG536-C2D1,235U,ENDF VII.0 + mod-Wright,6.558E+00
AG536-C2D1,236U,ENDF VII.0 + mod-Wright,5.628E+00
AG536-C2D1,238U,ENDF VII.0 + mod-Wright,9.195E+02
AG536-C2D1,238Pu,ENDF VII.0 + mod-Wright,3.370E-01
AG536-C2D1,239Pu,ENDF VII.0 + mod-Wright,6.317E+00
AG536-C2D1,240Pu,ENDF VII.0 + mod-Wright,3.288E+00
AG536-C2D1,241Pu,ENDF VII.0 + mod-Wright,7.850E-01
AG536-C2D1,242Pu,ENDF VII.0 + mod-Wright,9.799E-01
AG536-C2D1,237Np,ENDF VII.0 + mod-Wright,7.482E-01
AG536-C2D1,241Am,ENDF VII.0 + mod-Wright,1.141E+00
AG536-C2D1,243Am,ENDF VII.0 + mod-Wright,2.779E-01
AG536-C2D1,244Cm,ENDF VII.0 + mod-Wright,6.820E-02
AG536-C2D1,133Cs,ENDF VII.0 + mod-Wright,1.665E+00
AG536-C2D1,134Cs,ENDF VII.0 + mod-Wright,5.911E-04
AG536-C2D1,135Cs,ENDF VII.0 + mod-Wright,5.994E-01
AG536-C2D1,137Cs,ENDF VII.0 + mod-Wright,1.259E+00
AG536-C2D1,140Ce,ENDF VII.0 + mod-Wright,1.936E+00
AG536-C2D1,142Ce,ENDF VII.0 + mod-Wright,1.754E+00
AG536-C2D1,142Nd,ENDF VII.0 + mod-Wright,4.297E-02
AG536-C2D1,143Nd,ENDF VII.0 + mod-Wright,1.119E+00
AG536-C2D1,144Nd,ENDF VII.0 + mod-Wright,2.140E+00
AG536-C2D1,145Nd,ENDF VII.0 + mod-Wright,9.765E-01
AG536-C2D1,146Nd,ENDF VII.0 + mod-Wright,1.153E+00
AG536-C2D1,148Nd,ENDF VII.0 + mod-Wright,5.855E-01
AG536-C2D1,150Nd,ENDF VII.0 + mod-Wright,2.879E-01
AG536-C2D1,147Sm,ENDF VII.0 + mod-Wright,3.332E-01
AG536-C2D1,148Sm,ENDF VII.0 + mod-Wright,2.587E-01
AG536-C2D1,149Sm,ENDF VII.0 + mod-Wright,3.417E-03
AG536-C2D1,150Sm,ENDF VII.0 + mod-Wright,4.642E-01
AG536-C2D1,151Sm,ENDF VII.0 + mod-Wright,1.339E-02
AG536-C2D1,152Sm,ENDF VII.0 + mod-Wright,1.405E-01
AG536-C2D1,154Sm,ENDF VII.0 + mod-Wright,6.375E-02
AG536-C2D1,151Eu,ENDF VII.0 + mod-Wright,1.993E-03
AG536-C2D1,152Eu,ENDF VII.0 + mod-Wright,6.365E-06
AG536-C2D1,153Eu,ENDF VII.0 + mod-Wright,1.857E-01
AG536-C2D1,154Eu,ENDF VII.0 + mod-Wright,9.256E-03
AG536-C2D1,155Eu,ENDF VII.0 + mod-Wright,1.075E-03
AG536-C2D1,152Gd,ENDF VII.0 + mod-Wright,4.401E-05
AG536-C2D1,154Gd,ENDF VII.0 + mod-Wright,3.480E-02
AG536-C2D1,155Gd,ENDF VII.0 + mod-Wright,1.355E-02
AG536-C2D1,156Gd,ENDF VII.0 + mod-Wright,1.983E-01
AG536-C2D1,157Gd,ENDF VII.0 + mod-Wright,1.672E-04
AG536-C2D1,158Gd,ENDF VII.0 + mod-Wright,3.654E-02
AG536-C2D1,160Gd,ENDF VII.0 + mod-Wright,1.972E-03
AG536-C2D1,109Ag,ENDF VII.0 + mod-Wright,1.211E-01
AG536-C2D1,95Mo,ENDF VII.0 + mod-Wright,1.125E+00
AG536-C2D1,103Rh,ENDF VII.0 + mod-Wright,6.914E-01
AG536-C2D1,99Tc,ENDF VII.0 + mod-Wright,1.199E+00
AG536-C2D1,233U,ENDF VII.0 + mod-Mughabghab,8.867E-06
AG536-C2D1,234U,ENDF VII.0 + mod-Mughabghab,2.296E-01
AG536-C2D1,235U,ENDF VII.0 + mod-Mughabghab,6.556E+00
AG536-C2D1,236U,ENDF VII.0 + mod-Mughabghab,5.628E+00
AG536-C2D1,238U,ENDF VII.0 + mod-Mughabghab,9.195E+02
AG536-C2D1,238Pu,ENDF VII.0 + mod-Mughabghab,3.370E-01
AG536-C2D1,239Pu,ENDF VII.0 + mod-Mughabghab,6.315E+00
AG536-C2D1,240Pu,ENDF VII.0 + mod-Mughabghab,3.288E+00
AG536-C2D1,241Pu,ENDF VII.0 + mod-Mughabghab,7.848E-01
AG536-C2D1,242Pu,ENDF VII.0 + mod-Mughabghab,9.799E-01
AG536-C2D1,237Np,ENDF VII.0 + mod-Mughabghab,7.479E-01
AG536-C2D1,241Am,ENDF VII.0 + mod-Mughabghab,1.141E+00
AG536-C2D1,243Am,ENDF VII.0 + mod-Mughabghab,2.779E-01
AG536-C2D1,244Cm,ENDF VII.0 + mod-Mughabghab,6.820E-02
AG536-C2D1,133Cs,ENDF VII.0 + mod-Mughabghab,1.665E+00
AG536-C2D1,134Cs,ENDF VII.0 + mod-Mughabghab,5.909E-04
AG536-C2D1,135Cs,ENDF VII.0 + mod-Mughabghab,5.994E-01
AG536-C2D1,137Cs,ENDF VII.0 + mod-Mughabghab,1.259E+00
AG536-C2D1,140Ce,ENDF VII.0 + mod-Mughabghab,1.936E+00
AG536-C2D1,142Ce,ENDF VII.0 + mod-Mughabghab,1.754E+00
AG536-C2D1,142Nd,ENDF VII.0 + mod-Mughabghab,4.297E-02
AG536-C2D1,143Nd,ENDF VII.0 + mod-Mughabghab,1.119E+00
AG536-C2D1,144Nd,ENDF VII.0 + mod-Mughabghab,2.142E+00
AG536-C2D1,145Nd,ENDF VII.0 + mod-Mughabghab,9.765E-01
AG536-C2D1,146Nd,ENDF VII.0 + mod-Mughabghab,1.153E+00
AG536-C2D1,148Nd,ENDF VII.0 + mod-Mughabghab,5.855E-01
AG536-C2D1,150Nd,ENDF VII.0 + mod-Mughabghab,2.879E-01
AG536-C2D1,147Sm,ENDF VII.0 + mod-Mughabghab,3.332E-01
AG536-C2D1,148Sm,ENDF VII.0 + mod-Mughabghab,2.587E-01
AG536-C2D1,149Sm,ENDF VII.0 + mod-Mughabghab,3.415E-03
AG536-C2D1,150Sm,ENDF VII.0 + mod-Mughabghab,4.642E-01
AG536-C2D1,151Sm,ENDF VII.0 + mod-Mughabghab,1.339E-02
AG536-C2D1,152Sm,ENDF VII.0 + mod-Mughabghab,1.405E-01
AG536-C2D1,154Sm,ENDF VII.0 + mod-Mughabghab,6.375E-02
AG536-C2D1,151Eu,ENDF VII.0 + mod-Mughabghab,1.992E-03
AG536-C2D1,152Eu,ENDF VII.0 + mod-Mughabghab,6.360E-06
AG536-C2D1,153Eu,ENDF VII.0 + mod-Mughabghab,1.857E-01
AG536-C2D1,154Eu,ENDF VII.0 + mod-Mughabghab,1.001E-02
AG536-C2D1,155Eu,ENDF VII.0 + mod-Mughabghab,1.061E-03
AG536-C2D1,152Gd,ENDF VII.0 + mod-Mughabghab,4.399E-05
AG536-C2D1,154Gd,ENDF VII.0 + mod-Mughabghab,3.758E-02
AG536-C2D1,155Gd,ENDF VII.0 + mod-Mughabghab,1.338E-02
AG536-C2D1,156Gd,ENDF VII.0 + mod-Mughabghab,1.951E-01
AG536-C2D1,157Gd,ENDF VII.0 + mod-Mughabghab,1.656E-04
AG536-C2D1,158Gd,ENDF VII.0 + mod-Mughabghab,3.632E-02
AG536-C2D1,160Gd,ENDF VII.0 + mod-Mughabghab,1.972E-03
AG536-C2D1,109Ag,ENDF VII.0 + mod-Mughabghab,1.211E-01
AG536-C2D1,95Mo,ENDF VII.0 + mod-Mughabghab,1.125E+00
AG536-C2D1,103Rh,ENDF VII.0 + mod-Mughabghab,6.916E-01
AG536-C2D1,99Tc,ENDF VII.0 + mod-Mughabghab,1.199E+00
AG536-C2D1,233U,ENDF VII.1 + mod-Mughabghab,7.975E-06
AG536-C2D1,234U,ENDF VII.1 + mod-Mughabghab,2.357E-01
AG536-C2D1,235U,ENDF VII.1 + mod-Mughabghab,6.498E+00
AG536-C2D1,236U,ENDF VII.1 + mod-Mughabghab,5.624E+00
AG536-C2D1,238U,ENDF VII.1 + mod-Mughabghab,9.198E+02
AG536-C2D1,238Pu,ENDF VII.1 + mod-Mughabghab,3.773E-01
AG536-C2D1,239Pu,ENDF VII.1 + mod-Mughabghab,6.177E+00
AG536-C2D1,240Pu,ENDF VII.1 + mod-Mughabghab,3.228E+00
AG536-C2D1,241Pu,ENDF VII.1 + mod-Mughabghab,7.771E-01
AG536-C2D1,242Pu,ENDF VII.1 + mod-Mughabghab,1.018E+00
AG536-C2D1,237Np,ENDF VII.1 + mod-Mughabghab,7.394E-01
AG536-C2D1,241Am,ENDF VII.1 + mod-Mughabghab,1.122E+00
AG536-C2D1,243Am,ENDF VII.1 + mod-Mughabghab,2.492E-01
AG536-C2D1,244Cm,ENDF VII.1 + mod-Mughabghab,6.957E-02
AG536-C2D1,133Cs,ENDF VII.1 + mod-Mughabghab,1.675E+00
AG536-C2D1,134Cs,ENDF VII.1 + mod-Mughabghab,5.776E-04
AG536-C2D1,135Cs,ENDF VII.1 + mod-Mughabghab,5.974E-01
AG536-C2D1,137Cs,ENDF VII.1 + mod-Mughabghab,1.259E+00
AG536-C2D1,140Ce,ENDF VII.1 + mod-Mughabghab,1.937E+00
AG536-C2D1,142Ce,ENDF VII.1 + mod-Mughabghab,1.752E+00
AG536-C2D1,142Nd,ENDF VII.1 + mod-Mughabghab,4.335E-02
AG536-C2D1,143Nd,ENDF VII.1 + mod-Mughabghab,1.116E+00
AG536-C2D1,144Nd,ENDF VII.1 + mod-Mughabghab,2.147E+00
AG536-C2D1,145Nd,ENDF VII.1 + mod-Mughabghab,9.936E-01
AG536-C2D1,146Nd,ENDF VII.1 + mod-Mughabghab,1.137E+00
AG536-C2D1,148Nd,ENDF VII.1 + mod-Mughabghab,5.857E-01
AG536-C2D1,150Nd,ENDF VII.1 + mod-Mughabghab,2.879E-01
AG536-C2D1,147Sm,ENDF VII.1 + mod-Mughabghab,3.311E-01
AG536-C2D1,148Sm,ENDF VII.1 + mod-Mughabghab,2.598E-01
AG536-C2D1,149Sm,ENDF VII.1 + mod-Mughabghab,3.392E-03
AG536-C2D1,150Sm,ENDF VII.1 + mod-Mughabghab,4.655E-01
AG536-C2D1,151Sm,ENDF VII.1 + mod-Mughabghab,1.331E-02
AG536-C2D1,152Sm,ENDF VII.1 + mod-Mughabghab,1.402E-01
AG536-C2D1,154Sm,ENDF VII.1 + mod-Mughabghab,6.379E-02
AG536-C2D1,151Eu,ENDF VII.1 + mod-Mughabghab,1.980E-03
AG536-C2D1,152Eu,ENDF VII.1 + mod-Mughabghab,6.229E-06
AG536-C2D1,153Eu,ENDF VII.1 + mod-Mughabghab,1.796E-01
AG536-C2D1,154Eu,ENDF VII.1 + mod-Mughabghab,1.017E-02
AG536-C2D1,155Eu,ENDF VII.1 + mod-Mughabghab,1.078E-03
AG536-C2D1,152Gd,ENDF VII.1 + mod-Mughabghab,4.357E-05
AG536-C2D1,154Gd,ENDF VII.1 + mod-Mughabghab,3.821E-02
AG536-C2D1,155Gd,ENDF VII.1 + mod-Mughabghab,1.359E-02
AG536-C2D1,156Gd,ENDF VII.1 + mod-Mughabghab,2.003E-01
AG536-C2D1,157Gd,ENDF VII.1 + mod-Mughabghab,1.669E-04
AG536-C2D1,158Gd,ENDF VII.1 + mod-Mughabghab,3.669E-02
AG536-C2D1,160Gd,ENDF VII.1 + mod-Mughabghab,1.970E-03
AG536-C2D1,109Ag,ENDF VII.1 + mod-Mughabghab,1.209E-01
AG536-C2D1,95Mo,ENDF VII.1 + mod-Mughabghab,1.131E+00
AG536-C2D1,103Rh,ENDF VII.1 + mod-Mughabghab,7.039E-01
AG536-C2D1,99Tc,ENDF VII.1 + mod-Mughabghab,1.217E+00
AG536-C2D1,233U,JEFF-3.2,7.975E-06
AG536-C2D1,234U,JEFF-3.2,2.357E-01
AG536-C2D1,235U,JEFF-3.2,6.496E+00
AG536-C2D1,236U,JEFF-3.2,5.624E+00
AG536-C2D1,238U,JEFF-3.2,9.198E+02
AG536-C2D1,238Pu,JEFF-3.2,3.773E-01
AG536-C2D1,239Pu,JEFF-3.2,6.175E+00
AG536-C2D1,240Pu,JEFF-3.2,3.228E+00
AG536-C2D1,241Pu,JEFF-3.2,7.771E-01
AG536-C2D1,242Pu,JEFF-3.2,1.018E+00
AG536-C2D1,237Np,JEFF-3.2,7.394E-01
AG536-C2D1,241Am,JEFF-3.2,1.122E+00
AG536-C2D1,243Am,JEFF-3.2,2.492E-01
AG536-C2D1,244Cm,JEFF-3.2,6.957E-02
AG536-C2D1,133Cs,JEFF-3.2,1.675E+00
AG536-C2D1,134Cs,JEFF-3.2,5.776E-04
AG536-C2D1,135Cs,JEFF-3.2,5.974E-01
AG536-C2D1,137Cs,JEFF-3.2,1.259E+00
AG536-C2D1,140Ce,JEFF-3.2,1.937E+00
AG536-C2D1,142Ce,JEFF-3.2,1.752E+00
AG536-C2D1,142Nd,JEFF-3.2,4.335E-02
AG536-C2D1,143Nd,JEFF-3.2,1.116E+00
AG536-C2D1,144Nd,JEFF-3.2,2.147E+00
AG536-C2D1,145Nd,JEFF-3.2,9.936E-01
AG536-C2D1,146Nd,JEFF-3.2,1.137E+00
AG536-C2D1,148Nd,JEFF-3.2,5.857E-01
AG536-C2D1,150Nd,JEFF-3.2,2.879E-01
AG536-C2D1,147Sm,JEFF-3.2,3.311E-01
AG536-C2D1,148Sm,JEFF-3.2,2.598E-01
AG536-C2D1,149Sm,JEFF-3.2,3.390E-03
AG536-C2D1,150Sm,JEFF-3.2,4.655E-01
AG536-C2D1,151Sm,JEFF-3.2,1.331E-02
AG536-C2D1,152Sm,JEFF-3.2,1.403E-01
AG536-C2D1,154Sm,JEFF-3.2,6.379E-02
AG536-C2D1,151Eu,JEFF-3.2,1.980E-03
AG536-C2D1,152Eu,JEFF-3.2,6.225E-06
AG536-C2D1,153Eu,JEFF-3.2,1.796E-01
AG536-C2D1,154Eu,JEFF-3.2,1.077E-02
AG536-C2D1,155Eu,JEFF-3.2,1.067E-03
AG536-C2D1,152Gd,JEFF-3.2,4.357E-05
AG536-C2D1,154Gd,JEFF-3.2,4.039E-02
AG536-C2D1,155Gd,JEFF-3.2,1.345E-02
AG536-C2D1,156Gd,JEFF-3.2,1.978E-01
AG536-C2D1,157Gd,JEFF-3.2,1.656E-04
AG536-C2D1,158Gd,JEFF-3.2,3.650E-02
AG536-C2D1,160Gd,JEFF-3.2,1.970E-03
AG536-C2D1,109Ag,JEFF-3.2,1.209E-01
AG536-C2D1,95Mo,JEFF-3.2,1.131E+00
AG536-C2D1,103Rh,JEFF-3.2,7.039E-01
AG536-C2D1,99Tc,JEFF-3.2,1.217E+00
AG536-C2D1,233U,JEFF-3.2 + mod-Mughabghab,7.975E-06
AG536-C2D1,234U,JEFF-3.2 + mod-Mughabghab,2.357E-01
AG536-C2D1,235U,JEFF-3.2 + mod-Mughabghab,6.498E+00
AG536-C2D1,236U,JEFF-3.2 + mod-Mughabghab,5.624E+00
AG536-C2D1,238U,JEFF-3.2 + mod-Mughabghab,9.198E+02
AG536-C2D1,238Pu,JEFF-3.2 + mod-Mughabghab,3.773E-01
AG536-C2D1,239Pu,JEFF-3.2 + mod-Mughabghab,6.177E+00
AG536-C2D1,240Pu,JEFF-3.2 + mod-Mughabghab,3.228E+00
AG536-C2D1,241Pu,JEFF-3.2 + mod-Mughabghab,7.771E-01
AG536-C2D1,242Pu,JEFF-3.2 + mod-Mughabghab,1.018E+00
AG536-C2D1,237Np,JEFF-3.2 + mod-Mughabghab,7.394E-01
AG536-C2D1,241Am,JEFF-3.2 + mod-Mughabghab,1.122E+00
AG536-C2D1,243Am,JEFF-3.2 + mod-Mughabghab,2.492E-01
AG536-C2D1,244Cm,JEFF-3.2 + mod-Mughabghab,6.957E-02
AG536-C2D1,133Cs,JEFF-3.2 + mod-Mughabghab,1.675E+00
AG536-C2D1,134Cs,JEFF-3.2 + mod-Mughabghab,5.776E-04
AG536-C2D1,135Cs,JEFF-3.2 + mod-Mughabghab,5.974E-01
AG536-C2D1,137Cs,JEFF-3.2 + mod-Mughabghab,1.259E+00
AG536-C2D1,140Ce,JEFF-3.2 + mod-Mughabghab,1.937E+00
AG536-C2D1,142Ce,JEFF-3.2 + mod-Mughabghab,1.752E+00
AG536-C2D1,142Nd,JEFF-3.2 + mod-Mughabghab,4.335E-02
AG536-C2D1,143Nd,JEFF-3.2 + mod-Mughabghab,1.116E+00
AG536-C2D1,144Nd,JEFF-3.2 + mod-Mughabghab,2.147E+00
AG536-C2D1,145Nd,JEFF-3.2 + mod-Mughabghab,9.936E-01
AG536-C2D1,146Nd,JEFF-3.2 + mod-Mughabghab,1.137E+00
AG536-C2D1,148Nd,JEFF-3.2 + mod-Mughabghab,5.857E-01
AG536-C2D1,150Nd,JEFF-3.2 + mod-Mughabghab,2.879E-01
AG536-C2D1,147Sm,JEFF-3.2 + mod-Mughabghab,3.311E-01
AG536-C2D1,148Sm,JEFF-3.2 + mod-Mughabghab,2.598E-01
AG536-C2D1,149Sm,JEFF-3.2 + mod-Mughabghab,3.392E-03
AG536-C2D1,150Sm,JEFF-3.2 + mod-Mughabghab,4.655E-01
AG536-C2D1,151Sm,JEFF-3.2 + mod-Mughabghab,1.331E-02
AG536-C2D1,152Sm,JEFF-3.2 + mod-Mughabghab,1.402E-01
AG536-C2D1,154Sm,JEFF-3.2 + mod-Mughabghab,6.379E-02
AG536-C2D1,151Eu,JEFF-3.2 + mod-Mughabghab,1.980E-03
AG536-C2D1,152Eu,JEFF-3.2 + mod-Mughabghab,6.229E-06
AG536-C2D1,153Eu,JEFF-3.2 + mod-Mughabghab,1.796E-01
AG536-C2D1,154Eu,JEFF-3.2 + mod-Mughabghab,1.013E-02
AG536-C2D1,155Eu,JEFF-3.2 + mod-Mughabghab,1.078E-03
AG536-C2D1,152Gd,JEFF-3.2 + mod-Mughabghab,4.357E-05
AG536-C2D1,154Gd,JEFF-3.2 + mod-Mughabghab,3.806E-02
AG536-C2D1,155Gd,JEFF-3.2 + mod-Mughabghab,1.359E-02
AG536-C2D1,156Gd,JEFF-3.2 + mod-Mughabghab,2.005E-01
AG536-C2D1,157Gd,JEFF-3.2 + mod-Mughabghab,1.669E-04
AG536-C2D1,158Gd,JEFF-3.2 + mod-Mughabghab,3.669E-02
AG536-C2D1,160Gd,JEFF-3.2 + mod-Mughabghab,1.970E-03
AG536-C2D1,109Ag,JEFF-3.2 + mod-Mughabghab,1.209E-01
AG536-C2D1,95Mo,JEFF-3.2 + mod-Mughabghab,1.131E+00
AG536-C2D1,103Rh,JEFF-3.2 + mod-Mughabghab,7.039E-01
AG536-C2D1,99Tc,JEFF-3.2 + mod-Mughabghab,1.217E+00
AG536-C2D2,233U,ENDF VII.0,8.871E-06
AG536-C2D2,234U,ENDF VII.0,2.286E-01
AG536-C2D2,235U,ENDF VII.0,6.350E+00
AG536-C2D2,236U,ENDF VII.0,5.645E+00
AG536-C2D2,238U,ENDF VII.0,9.189E+02
AG536-C2D2,238Pu,ENDF VII.0,3.438E-01
AG536-C2D2,239Pu,ENDF VII.0,6.277E+00
AG536-C2D2,240Pu,ENDF VII.0,3.315E+00
AG536-C2D2,241Pu,ENDF VII.0,7.871E-01
AG536-C2D2,242Pu,ENDF VII.0,1.005E+00
AG536-C2D2,237Np,ENDF VII.0,7.552E-01
AG536-C2D2,241Am,ENDF VII.0,1.143E+00
AG536-C2D2,243Am,ENDF VII.0,2.866E-01
AG536-C2D2,244Cm,ENDF VII.0,7.143E-02
AG536-C2D2,133Cs,ENDF VII.0,1.681E+00
AG536-C2D2,134Cs,ENDF VII.0,6.059E-04
AG536-C2D2,135Cs,ENDF VII.0,6.009E-01
AG536-C2D2,137Cs,ENDF VII.0,1.275E+00
AG536-C2D2,140Ce,ENDF VII.0,1.961E+00
AG536-C2D2,142Ce,ENDF VII.0,1.775E+00
AG536-C2D2,142Nd,ENDF VII.0,4.424E-02
AG536-C2D2,143Nd,ENDF VII.0,1.123E+00
AG536-C2D2,144Nd,ENDF VII.0,2.176E+00
AG536-C2D2,145Nd,ENDF VII.0,9.855E-01
AG536-C2D2,146Nd,ENDF VII.0,1.170E+00
AG536-C2D2,148Nd,ENDF VII.0,5.930E-01
AG536-C2D2,150Nd,ENDF VII.0,2.918E-01
AG536-C2D2,147Sm,ENDF VII.0,3.342E-01
AG536-C2D2,148Sm,ENDF VII.0,2.633E-01
AG536-C2D2,149Sm,ENDF VII.0,3.434E-03
AG536-C2D2,150Sm,ENDF VII.0,4.705E-01
AG536-C2D2,151Sm,ENDF VII.0,1.339E-02
AG536-C2D2,152Sm,ENDF VII.0,1.418E-01
AG536-C2D2,154Sm,ENDF VII.0,6.489E-02
AG536-C2D2,151Eu,ENDF VII.0,1.991E-03
AG536-C2D2,152Eu,ENDF VII.0,6.125E-06
AG536-C2D2,153Eu,ENDF VII.0,1.879E-01
AG536-C2D2,154Eu,ENDF VII.0,1.077E-02
AG536-C2D2,155Eu,ENDF VII.0,1.066E-03
AG536-C2D2,152Gd,ENDF VII.0,4.326E-05
AG536-C2D2,154Gd,ENDF VII.0,4.033E-02
AG536-C2D2,155Gd,ENDF VII.0,1.344E-02
AG536-C2D2,156Gd,ENDF VII.0,1.986E-01
AG536-C2D2,157Gd,ENDF VII.0,1.668E-04
AG536-C2D2,158Gd,ENDF VII.0,3.717E-02
AG536-C2D2,160Gd,ENDF VII.0,2.013E-03
AG536-C2D2,109Ag,ENDF VII.0,1.231E-01
AG536-C2D2,95Mo,ENDF VII.0,1.137E+00
AG536-C2D2,103Rh,ENDF VII.0,6.972E-01
AG536-C2D2,99Tc,ENDF VII.0,1.211E+00
AG536-C2D2,233U,ENDF VII.1,7.991E-06
AG536-C2D2,234U,ENDF VII.1,2.348E-01
AG536-C2D2,235U,ENDF VII.1,6.290E+00
AG536-C2D2,236U,ENDF VII.1,5.643E+00
AG536-C2D2,238U,ENDF VII.1,9.193E+02
AG536-C2D2,238Pu,ENDF VII.1,3.856E-01
AG536-C2D2,239Pu,ENDF VII.1,6.138E+00
AG536-C2D2,240Pu,ENDF VII.1,3.253E+00
AG536-C2D2,241Pu,ENDF VII.1,7.791E-01
AG536-C2D2,242Pu,ENDF VII.1,1.043E+00
AG536-C2D2,237Np,ENDF VII.1,7.463E-01
AG536-C2D2,241Am,ENDF VII.1,1.124E+00
AG536-C2D2,243Am,ENDF VII.1,2.571E-01
AG536-C2D2,244Cm,ENDF VII.1,7.288E-02
AG536-C2D2,133Cs,ENDF VII.1,1.691E+00
AG536-C2D2,134Cs,ENDF VII.1,5.924E-04
AG536-C2D2,135Cs,ENDF VII.1,5.988E-01
AG536-C2D2,137Cs,ENDF VII.1,1.275E+00
AG536-C2D2,140Ce,ENDF VII.1,1.961E+00
AG536-C2D2,142Ce,ENDF VII.1,1.773E+00
AG536-C2D2,142Nd,ENDF VII.1,4.461E-02
AG536-C2D2,143Nd,ENDF VII.1,1.120E+00
AG536-C2D2,144Nd,ENDF VII.1,2.180E+00
AG536-C2D2,145Nd,ENDF VII.1,1.003E+00
AG536-C2D2,146Nd,ENDF VII.1,1.154E+00
AG536-C2D2,148Nd,ENDF VII.1,5.932E-01
AG536-C2D2,150Nd,ENDF VII.1,2.920E-01
AG536-C2D2,147Sm,ENDF VII.1,3.320E-01
AG536-C2D2,148Sm,ENDF VII.1,2.644E-01
AG536-C2D2,149Sm,ENDF VII.1,3.411E-03
AG536-C2D2,150Sm,ENDF VII.1,4.717E-01
AG536-C2D2,151Sm,ENDF VII.1,1.331E-02
AG536-C2D2,152Sm,ENDF VII.1,1.415E-01
AG536-C2D2,154Sm,ENDF VII.1,6.494E-02
AG536-C2D2,151Eu,ENDF VII.1,1.979E-03
AG536-C2D2,152Eu,ENDF VII.1,5.994E-06
AG536-C2D2,153Eu,ENDF VII.1,1.817E-01
AG536-C2D2,154Eu,ENDF VII.1,1.091E-02
AG536-C2D2,155Eu,ENDF VII.1,1.083E-03
AG536-C2D2,152Gd,ENDF VII.1,4.283E-05
AG536-C2D2,154Gd,ENDF VII.1,4.089E-02
AG536-C2D2,155Gd,ENDF VII.1,1.365E-02
AG536-C2D2,156Gd,ENDF VII.1,2.041E-01
AG536-C2D2,157Gd,ENDF VII.1,1.682E-04
AG536-C2D2,158Gd,ENDF VII.1,3.756E-02
AG536-C2D2,160Gd,ENDF VII.1,2.011E-03
AG536-C2D2,109Ag,ENDF VII.1,1.229E-01
AG536-C2D2,95Mo,ENDF VII.1,1.143E+00
AG536-C2D2,103Rh,ENDF VII.1,7.099E-01
AG536-C2D2,99Tc,ENDF VII.1,1.230E+00
AG536-C2D2,233U,ENDF VII.0 + mod-Wright,8.875E-06
AG536-C2D2,234U,ENDF VII.0 + mod-Wright,2.286E-01
AG536-C2D2,235U,ENDF VII.0 + mod-Wright,6.352E+00
AG536-C2D2,236U,ENDF VII.0 + mod-Wright,5.645E+00
AG536-C2D2,238U,ENDF VII.0 + mod-Wright,9.189E+02
AG536-C2D2,238Pu,ENDF VII.0 + mod-Wright,3.438E-01
AG536-C2D2,239Pu,ENDF VII.0 + mod-Wright,6.279E+00
AG536-C2D2,240Pu,ENDF VII.0 + mod-Wright,3.315E+00
AG536-C2D2,241Pu,ENDF VII.0 + mod-Wright,7.875E-01
AG536-C2D2,242Pu,ENDF VII.0 + mod-Wright,1.005E+00
AG536-C2D2,237Np,ENDF VII.0 + mod-Wright,7.554E-01
AG536-C2D2,241Am,ENDF VII.0 + mod-Wright,1.143E+00
AG536-C2D2,243Am,ENDF VII.0 + mod-Wright,2.866E-01
AG536-C2D2,244Cm,ENDF VII.0 + mod-Wright,7.145E-02
AG536-C2D2,133Cs,ENDF VII.0 + mod-Wright,1.681E+00
AG536-C2D2,134Cs,ENDF VII.0 + mod-Wright,6.059E-04
AG536-C2D2,135Cs,ENDF VII.0 + mod-Wright,6.009E-01
AG536-C2D2,137Cs,ENDF VII.0 + mod-Wright,1.275E+00
AG536-C2D2,140Ce,ENDF VII.0 + mod-Wright,1.960E+00
AG536-C2D2,142Ce,ENDF VII.0 + mod-Wright,1.775E+00
AG536-C2D2,142Nd,ENDF VII.0 + mod-Wright,4.422E-02
AG536-C2D2,143Nd,ENDF VII.0 + mod-Wright,1.123E+00
AG536-C2D2,144Nd,ENDF VII.0 + mod-Wright,2.176E+00
AG536-C2D2,145Nd,ENDF VII.0 + mod-Wright,9.853E-01
AG536-C2D2,146Nd,ENDF VII.0 + mod-Wright,1.170E+00
AG536-C2D2,148Nd,ENDF VII.0 + mod-Wright,5.930E-01
AG536-C2D2,150Nd,ENDF VII.0 + mod-Wright,2.918E-01
AG536-C2D2,147Sm,ENDF VII.0 + mod-Wright,3.340E-01
AG536-C2D2,148Sm,ENDF VII.0 + mod-Wright,2.633E-01
AG536-C2D2,149Sm,ENDF VII.0 + mod-Wright,3.436E-03
AG536-C2D2,150Sm,ENDF VII.0 + mod-Wright,4.705E-01
AG536-C2D2,151Sm,ENDF VII.0 + mod-Wright,1.339E-02
AG536-C2D2,152Sm,ENDF VII.0 + mod-Wright,1.418E-01
AG536-C2D2,154Sm,ENDF VII.0 + mod-Wright,6.489E-02
AG536-C2D2,151Eu,ENDF VII.0 + mod-Wright,1.992E-03
AG536-C2D2,152Eu,ENDF VII.0 + mod-Wright,6.132E-06
AG536-C2D2,153Eu,ENDF VII.0 + mod-Wright,1.879E-01
AG536-C2D2,154Eu,ENDF VII.0 + mod-Wright,9.354E-03
AG536-C2D2,155Eu,ENDF VII.0 + mod-Wright,1.091E-03
AG536-C2D2,152Gd,ENDF VII.0 + mod-Wright,4.328E-05
AG536-C2D2,154Gd,ENDF VII.0 + mod-Wright,3.515E-02
AG536-C2D2,155Gd,ENDF VII.0 + mod-Wright,1.375E-02
AG536-C2D2,156Gd,ENDF VII.0 + mod-Wright,2.046E-01
AG536-C2D2,157Gd,ENDF VII.0 + mod-Wright,1.698E-04
AG536-C2D2,158Gd,ENDF VII.0 + mod-Wright,3.761E-02
AG536-C2D2,160Gd,ENDF VII.0 + mod-Wright,2.013E-03
AG536-C2D2,109Ag,ENDF VII.0 + mod-Wright,1.231E-01
AG536-C2D2,95Mo,ENDF VII.0 + mod-Wright,1.137E+00
AG536-C2D2,103Rh,ENDF VII.0 + mod-Wright,6.972E-01
AG536-C2D2,99Tc,ENDF VII.0 + mod-Wright,1.211E+00
AG536-C2D2,233U,ENDF VII.0 + mod-Mughabghab,8.873E-06
AG536-C2D2,234U,ENDF VII.0 + mod-Mughabghab,2.286E-01
AG536-C2D2,235U,ENDF VII.0 + mod-Mughabghab,6.352E+00
AG536-C2D2,236U,ENDF VII.0 + mod-Mughabghab,5.645E+00
AG536-C2D2,238U,ENDF VII.0 + mod-Mughabghab,9.189E+02
AG536-C2D2,238Pu,ENDF VII.0 + mod-Mughabghab,3.438E-01
AG536-C2D2,239Pu,ENDF VII.0 + mod-Mughabghab,6.277E+00
AG536-C2D2,240Pu,ENDF VII.0 + mod-Mughabghab,3.315E+00
AG536-C2D2,241Pu,ENDF VII.0 + mod-Mughabghab,7.873E-01
AG536-C2D2,242Pu,ENDF VII.0 + mod-Mughabghab,1.005E+00
AG536-C2D2,237Np,ENDF VII.0 + mod-Mughabghab,7.552E-01
AG536-C2D2,241Am,ENDF VII.0 + mod-Mughabghab,1.143E+00
AG536-C2D2,243Am,ENDF VII.0 + mod-Mughabghab,2.866E-01
AG536-C2D2,244Cm,ENDF VII.0 + mod-Mughabghab,7.143E-02
AG536-C2D2,133Cs,ENDF VII.0 + mod-Mughabghab,1.681E+00
AG536-C2D2,134Cs,ENDF VII.0 + mod-Mughabghab,6.059E-04
AG536-C2D2,135Cs,ENDF VII.0 + mod-Mughabghab,6.009E-01
AG536-C2D2,137Cs,ENDF VII.0 + mod-Mughabghab,1.275E+00
AG536-C2D2,140Ce,ENDF VII.0 + mod-Mughabghab,1.960E+00
AG536-C2D2,142Ce,ENDF VII.0 + mod-Mughabghab,1.775E+00
AG536-C2D2,142Nd,ENDF VII.0 + mod-Mughabghab,4.422E-02
AG536-C2D2,143Nd,ENDF VII.0 + mod-Mughabghab,1.123E+00
AG536-C2D2,144Nd,ENDF VII.0 + mod-Mughabghab,2.176E+00
AG536-C2D2,145Nd,ENDF VII.0 + mod-Mughabghab,9.855E-01
AG536-C2D2,146Nd,ENDF VII.0 + mod-Mughabghab,1.170E+00
AG536-C2D2,148Nd,ENDF VII.0 + mod-Mughabghab,5.930E-01
AG536-C2D2,150Nd,ENDF VII.0 + mod-Mughabghab,2.918E-01
AG536-C2D2,147Sm,ENDF VII.0 + mod-Mughabghab,3.342E-01
AG536-C2D2,148Sm,ENDF VII.0 + mod-Mughabghab,2.633E-01
AG536-C2D2,149Sm,ENDF VII.0 + mod-Mughabghab,3.436E-03
AG536-C2D2,150Sm,ENDF VII.0 + mod-Mughabghab,4.705E-01
AG536-C2D2,151Sm,ENDF VII.0 + mod-Mughabghab,1.339E-02
AG536-C2D2,152Sm,ENDF VII.0 + mod-Mughabghab,1.418E-01
AG536-C2D2,154Sm,ENDF VII.0 + mod-Mughabghab,6.489E-02
AG536-C2D2,151Eu,ENDF VII.0 + mod-Mughabghab,1.992E-03
AG536-C2D2,152Eu,ENDF VII.0 + mod-Mughabghab,6.128E-06
AG536-C2D2,153Eu,ENDF VII.0 + mod-Mughabghab,1.879E-01
AG536-C2D2,154Eu,ENDF VII.0 + mod-Mughabghab,1.013E-02
AG536-C2D2,155Eu,ENDF VII.0 + mod-Mughabghab,1.078E-03
AG536-C2D2,152Gd,ENDF VII.0 + mod-Mughabghab,4.326E-05
AG536-C2D2,154Gd,ENDF VII.0 + mod-Mughabghab,3.798E-02
AG536-C2D2,155Gd,ENDF VII.0 + mod-Mughabghab,1.359E-02
AG536-C2D2,156Gd,ENDF VII.0 + mod-Mughabghab,2.013E-01
AG536-C2D2,157Gd,ENDF VII.0 + mod-Mughabghab,1.681E-04
AG536-C2D2,158Gd,ENDF VII.0 + mod-Mughabghab,3.736E-02
AG536-C2D2,160Gd,ENDF VII.0 + mod-Mughabghab,2.013E-03
AG536-C2D2,109Ag,ENDF VII.0 + mod-Mughabghab,1.231E-01
AG536-C2D2,95Mo,ENDF VII.0 + mod-Mughabghab,1.137E+00
AG536-C2D2,103Rh,ENDF VII.0 + mod-Mughabghab,6.972E-01
AG536-C2D2,99Tc,ENDF VII.0 + mod-Mughabghab,1.211E+00
AG536-C2D2,233U,ENDF VII.1 + mod-Mughabghab,7.993E-06
AG536-C2D2,234U,ENDF VII.1 + mod-Mughabghab,2.348E-01
AG536-C2D2,235U,ENDF VII.1 + mod-Mughabghab,6.292E+00
AG536-C2D2,236U,ENDF VII.1 + mod-Mughabghab,5.643E+00
AG536-C2D2,238U,ENDF VII.1 + mod-Mughabghab,9.191E+02
AG536-C2D2,238Pu,ENDF VII.1 + mod-Mughabghab,3.856E-01
AG536-C2D2,239Pu,ENDF VII.1 + mod-Mughabghab,6.138E+00
AG536-C2D2,240Pu,ENDF VII.1 + mod-Mughabghab,3.253E+00
AG536-C2D2,241Pu,ENDF VII.1 + mod-Mughabghab,7.794E-01
AG536-C2D2,242Pu,ENDF VII.1 + mod-Mughabghab,1.043E+00
AG536-C2D2,237Np,ENDF VII.1 + mod-Mughabghab,7.465E-01
AG536-C2D2,241Am,ENDF VII.1 + mod-Mughabghab,1.124E+00
AG536-C2D2,243Am,ENDF VII.1 + mod-Mughabghab,2.571E-01
AG536-C2D2,244Cm,ENDF VII.1 + mod-Mughabghab,7.290E-02
AG536-C2D2,133Cs,ENDF VII.1 + mod-Mughabghab,1.691E+00
AG536-C2D2,134Cs,ENDF VII.1 + mod-Mughabghab,5.924E-04
AG536-C2D2,135Cs,ENDF VII.1 + mod-Mughabghab,5.988E-01
AG536-C2D2,137Cs,ENDF VII.1 + mod-Mughabghab,1.275E+00
AG536-C2D2,140Ce,ENDF VII.1 + mod-Mughabghab,1.961E+00
AG536-C2D2,142Ce,ENDF VII.1 + mod-Mughabghab,1.773E+00
AG536-C2D2,142Nd,ENDF VII.1 + mod-Mughabghab,4.459E-02
AG536-C2D2,143Nd,ENDF VII.1 + mod-Mughabghab,1.120E+00
AG536-C2D2,144Nd,ENDF VII.1 + mod-Mughabghab,2.180E+00
AG536-C2D2,145Nd,ENDF VII.1 + mod-Mughabghab,1.003E+00
AG536-C2D2,146Nd,ENDF VII.1 + mod-Mughabghab,1.154E+00
AG536-C2D2,148Nd,ENDF VII.1 + mod-Mughabghab,5.932E-01
AG536-C2D2,150Nd,ENDF VII.1 + mod-Mughabghab,2.920E-01
AG536-C2D2,147Sm,ENDF VII.1 + mod-Mughabghab,3.320E-01
AG536-C2D2,148Sm,ENDF VII.1 + mod-Mughabghab,2.644E-01
AG536-C2D2,149Sm,ENDF VII.1 + mod-Mughabghab,3.411E-03
AG536-C2D2,150Sm,ENDF VII.1 + mod-Mughabghab,4.719E-01
AG536-C2D2,151Sm,ENDF VII.1 + mod-Mughabghab,1.331E-02
AG536-C2D2,152Sm,ENDF VII.1 + mod-Mughabghab,1.415E-01
AG536-C2D2,154Sm,ENDF VII.1 + mod-Mughabghab,6.494E-02
AG536-C2D2,151Eu,ENDF VII.1 + mod-Mughabghab,1.979E-03
AG536-C2D2,152Eu,ENDF VII.1 + mod-Mughabghab,5.999E-06
AG536-C2D2,153Eu,ENDF VII.1 + mod-Mughabghab,1.817E-01
AG536-C2D2,154Eu,ENDF VII.1 + mod-Mughabghab,1.028E-02
AG536-C2D2,155Eu,ENDF VII.1 + mod-Mughabghab,1.094E-03
AG536-C2D2,152Gd,ENDF VII.1 + mod-Mughabghab,4.285E-05
AG536-C2D2,154Gd,ENDF VII.1 + mod-Mughabghab,3.860E-02
AG536-C2D2,155Gd,ENDF VII.1 + mod-Mughabghab,1.379E-02
AG536-C2D2,156Gd,ENDF VII.1 + mod-Mughabghab,2.067E-01
AG536-C2D2,157Gd,ENDF VII.1 + mod-Mughabghab,1.695E-04
AG536-C2D2,158Gd,ENDF VII.1 + mod-Mughabghab,3.775E-02
AG536-C2D2,160Gd,ENDF VII.1 + mod-Mughabghab,2.011E-03
AG536-C2D2,109Ag,ENDF VII.1 + mod-Mughabghab,1.229E-01
AG536-C2D2,95Mo,ENDF VII.1 + mod-Mughabghab,1.143E+00
AG536-C2D2,103Rh,ENDF VII.1 + mod-Mughabghab,7.097E-01
AG536-C2D2,99Tc,ENDF VII.1 + mod-Mughabghab,1.230E+00
AG536-C2D2,233U,JEFF-3.2,7.995E-06
AG536-C2D2,234U,JEFF-3.2,2.348E-01
AG536-C2D2,235U,JEFF-3.2,6.292E+00
AG536-C2D2,236U,JEFF-3.2,5.643E+00
AG536-C2D2,238U,JEFF-3.2,9.193E+02
AG536-C2D2,238Pu,JEFF-3.2,3.856E-01
AG536-C2D2,239Pu,JEFF-3.2,6.138E+00
AG536-C2D2,240Pu,JEFF-3.2,3.253E+00
AG536-C2D2,241Pu,JEFF-3.2,7.791E-01
AG536-C2D2,242Pu,JEFF-3.2,1.044E+00
AG536-C2D2,237Np,JEFF-3.2,7.463E-01
AG536-C2D2,241Am,JEFF-3.2,1.124E+00
AG536-C2D2,243Am,JEFF-3.2,2.569E-01
AG536-C2D2,244Cm,JEFF-3.2,7.284E-02
AG536-C2D2,133Cs,JEFF-3.2,1.691E+00
AG536-C2D2,134Cs,JEFF-3.2,5.924E-04
AG536-C2D2,135Cs,JEFF-3.2,5.988E-01
AG536-C2D2,137Cs,JEFF-3.2,1.275E+00
AG536-C2D2,140Ce,JEFF-3.2,1.961E+00
AG536-C2D2,142Ce,JEFF-3.2,1.773E+00
AG536-C2D2,142Nd,JEFF-3.2,4.461E-02
AG536-C2D2,143Nd,JEFF-3.2,1.120E+00
AG536-C2D2,144Nd,JEFF-3.2,2.180E+00
AG536-C2D2,145Nd,JEFF-3.2,1.003E+00
AG536-C2D2,146Nd,JEFF-3.2,1.153E+00
AG536-C2D2,148Nd,JEFF-3.2,5.932E-01
AG536-C2D2,150Nd,JEFF-3.2,2.920E-01
AG536-C2D2,147Sm,JEFF-3.2,3.320E-01
AG536-C2D2,148Sm,JEFF-3.2,2.644E-01
AG536-C2D2,149Sm,JEFF-3.2,3.411E-03
AG536-C2D2,150Sm,JEFF-3.2,4.717E-01
AG536-C2D2,151Sm,JEFF-3.2,1.331E-02
AG536-C2D2,152Sm,JEFF-3.2,1.415E-01
AG536-C2D2,154Sm,JEFF-3.2,6.494E-02
AG536-C2D2,151Eu,JEFF-3.2,1.979E-03
AG536-C2D2,152Eu,JEFF-3.2,5.996E-06
AG536-C2D2,153Eu,JEFF-3.2,1.817E-01
AG536-C2D2,154Eu,JEFF-3.2,1.089E-02
AG536-C2D2,155Eu,JEFF-3.2,1.083E-03
AG536-C2D2,152Gd,JEFF-3.2,4.283E-05
AG536-C2D2,154Gd,JEFF-3.2,4.083E-02
AG536-C2D2,155Gd,JEFF-3.2,1.365E-02
AG536-C2D2,156Gd,JEFF-3.2,2.041E-01
AG536-C2D2,157Gd,JEFF-3.2,1.682E-04
AG536-C2D2,158Gd,JEFF-3.2,3.756E-02
AG536-C2D2,160Gd,JEFF-3.2,2.011E-03
AG536-C2D2,109Ag,JEFF-3.2,1.229E-01
AG536-C2D2,95Mo,JEFF-3.2,1.143E+00
AG536-C2D2,103Rh,JEFF-3.2,7.099E-01
AG536-C2D2,99Tc,JEFF-3.2,1.230E+00
AG536-C2D2,233U,JEFF-3.2 + mod-Mughabghab,7.995E-06
AG536-C2D2,234U,JEFF-3.2 + mod-Mughabghab,2.348E-01
AG536-C2D2,235U,JEFF-3.2 + mod-Mughabghab,6.292E+00
AG536-C2D2,236U,JEFF-3.2 + mod-Mughabghab,5.643E+00
AG536-C2D2,238U,JEFF-3.2 + mod-Mughabghab,9.191E+02
AG536-C2D2,238Pu,JEFF-3.2 + mod-Mughabghab,3.856E-01
AG536-C2D2,239Pu,JEFF-3.2 + mod-Mughabghab,6.138E+00
AG536-C2D2,240Pu,JEFF-3.2 + mod-Mughabghab,3.253E+00
AG536-C2D2,241Pu,JEFF-3.2 + mod-Mughabghab,7.794E-01
AG536-C2D2,242Pu,JEFF-3.2 + mod-Mughabghab,1.043E+00
AG536-C2D2,237Np,JEFF-3.2 + mod-Mughabghab,7.465E-01
AG536-C2D2,241Am,JEFF-3.2 + mod-Mughabghab,1.124E+00
AG536-C2D2,243Am,JEFF-3.2 + mod-Mughabghab,2.569E-01
AG536-C2D2,244Cm,JEFF-3.2 + mod-Mughabghab,7.286E-02
AG536-C2D2,133Cs,JEFF-3.2 + mod-Mughabghab,1.691E+00
AG536-C2D2,134Cs,JEFF-3.2 + mod-Mughabghab,5.924E-04
AG536-C2D2,135Cs,JEFF-3.2 + mod-Mughabghab,5.988E-01
AG536-C2D2,137Cs,JEFF-3.2 + mod-Mughabghab,1.275E+00
AG536-C2D2,140Ce,JEFF-3.2 + mod-Mughabghab,1.961E+00
AG536-C2D2,142Ce,JEFF-3.2 + mod-Mughabghab,1.773E+00
AG536-C2D2,142Nd,JEFF-3.2 + mod-Mughabghab,4.459E-02
AG536-C2D2,143Nd,JEFF-3.2 + mod-Mughabghab,1.120E+00
AG536-C2D2,144Nd,JEFF-3.2 + mod-Mughabghab,2.180E+00
AG536-C2D2,145Nd,JEFF-3.2 + mod-Mughabghab,1.003E+00
AG536-C2D2,146Nd,JEFF-3.2 + mod-Mughabghab,1.153E+00
AG536-C2D2,148Nd,JEFF-3.2 + mod-Mughabghab,5.932E-01
AG536-C2D2,150Nd,JEFF-3.2 + mod-Mughabghab,2.920E-01
AG536-C2D2,147Sm,JEFF-3.2 + mod-Mughabghab,3.320E-01
AG536-C2D2,148Sm,JEFF-3.2 + mod-Mughabghab,2.644E-01
AG536-C2D2,149Sm,JEFF-3.2 + mod-Mughabghab,3.411E-03
AG536-C2D2,150Sm,JEFF-3.2 + mod-Mughabghab,4.719E-01
AG536-C2D2,151Sm,JEFF-3.2 + mod-Mughabghab,1.331E-02
AG536-C2D2,152Sm,JEFF-3.2 + mod-Mughabghab,1.415E-01
AG536-C2D2,154Sm,JEFF-3.2 + mod-Mughabghab,6.494E-02
AG536-C2D2,151Eu,JEFF-3.2 + mod-Mughabghab,1.980E-03
AG536-C2D2,152Eu,JEFF-3.2 + mod-Mughabghab,5.999E-06
AG536-C2D2,153Eu,JEFF-3.2 + mod-Mughabghab,1.817E-01
AG536-C2D2,154Eu,JEFF-3.2 + mod-Mughabghab,1.024E-02
AG536-C2D2,155Eu,JEFF-3.2 + mod-Mughabghab,1.095E-03
AG536-C2D2,152Gd,JEFF-3.2 + mod-Mughabghab,4.285E-05
AG536-C2D2,154Gd,JEFF-3.2 + mod-Mughabghab,3.846E-02
AG536-C2D2,155Gd,JEFF-3.2 + mod-Mughabghab,1.380E-02
AG536-C2D2,156Gd,JEFF-3.2 + mod-Mughabghab,2.069E-01
AG536-C2D2,157Gd,JEFF-3.2 + mod-Mughabghab,1.695E-04
AG536-C2D2,158Gd,JEFF-3.2 + mod-Mughabghab,3.777E-02
AG536-C2D2,160Gd,JEFF-3.2 + mod-Mughabghab,2.011E-03
AG536-C2D2,109Ag,JEFF-3.2 + mod-Mughabghab,1.229E-01
AG536-C2D2,95Mo,JEFF-3.2 + mod-Mughabghab,1.143E+00
AG536-C2D2,103Rh,JEFF-3.2 + mod-Mughabghab,7.097E-01
AG536-C2D2,99Tc,JEFF-3.2 + mod-Mughabghab,1.230E+00
AG616-A1,233U,ENDF VII.0,8.024E-06
AG616-A1,234U,ENDF VII.0,2.373E-01
AG616-A1,235U,ENDF VII.0,8.359E+00
AG616-A1,236U,ENDF VII.0,5.449E+00
AG616-A1,238U,ENDF VII.0,9.256E+02
AG616-A1,238Pu,ENDF VII.0,2.519E-01
AG616-A1,239Pu,ENDF VII.0,6.046E+00
AG616-A1,240Pu,ENDF VII.0,2.926E+00
AG616-A1,241Pu,ENDF VII.0,7.167E-01
AG616-A1,242Pu,ENDF VII.0,7.908E-01
AG616-A1,237Np,ENDF VII.0,6.435E-01
AG616-A1,241Am,ENDF VII.0,1.031E+00
AG616-A1,243Am,ENDF VII.0,1.982E-01
AG616-A1,244Cm,ENDF VII.0,4.012E-02
AG616-A1,133Cs,ENDF VII.0,1.514E+00
AG616-A1,134Cs,ENDF VII.0,4.934E-04
AG616-A1,135Cs,ENDF VII.0,5.776E-01
AG616-A1,137Cs,ENDF VII.0,1.113E+00
AG616-A1,140Ce,ENDF VII.0,1.715E+00
AG616-A1,142Ce,ENDF VII.0,1.555E+00
AG616-A1,142Nd,ENDF VII.0,3.247E-02
AG616-A1,143Nd,ENDF VII.0,1.052E+00
AG616-A1,144Nd,ENDF VII.0,1.855E+00
AG616-A1,145Nd,ENDF VII.0,8.931E-01
AG616-A1,146Nd,ENDF VII.0,9.942E-01
AG616-A1,148Nd,ENDF VII.0,5.142E-01
AG616-A1,150Nd,ENDF VII.0,2.496E-01
AG616-A1,147Sm,ENDF VII.0,3.261E-01
AG616-A1,148Sm,ENDF VII.0,2.111E-01
AG616-A1,149Sm,ENDF VII.0,3.731E-03
AG616-A1,150Sm,ENDF VII.0,4.029E-01
AG616-A1,151Sm,ENDF VII.0,1.231E-02
AG616-A1,152Sm,ENDF VII.0,1.331E-01
AG616-A1,154Sm,ENDF VII.0,5.320E-02
AG616-A1,151Eu,ENDF VII.0,1.828E-03
AG616-A1,152Eu,ENDF VII.0,4.786E-06
AG616-A1,153Eu,ENDF VII.0,1.633E-01
AG616-A1,154Eu,ENDF VII.0,8.765E-03
AG616-A1,155Eu,ENDF VII.0,8.875E-04
AG616-A1,152Gd,ENDF VII.0,3.900E-05
AG616-A1,154Gd,ENDF VII.0,3.203E-02
AG616-A1,155Gd,ENDF VII.0,1.117E-02
AG616-A1,156Gd,ENDF VII.0,1.395E-01
AG616-A1,157Gd,ENDF VII.0,1.406E-04
AG616-A1,158Gd,ENDF VII.0,2.716E-02
AG616-A1,160Gd,ENDF VII.0,1.595E-03
AG616-A1,109Ag,ENDF VII.0,1.020E-01
AG616-A1,95Mo,ENDF VII.0,1.016E+00
AG616-A1,103Rh,ENDF VII.0,6.338E-01
AG616-A1,99Tc,ENDF VII.0,1.082E+00
AG616-A1,233U,ENDF VII.1,7.132E-06
AG616-A1,234U,ENDF VII.1,2.415E-01
AG616-A1,235U,ENDF VII.1,8.322E+00
AG616-A1,236U,ENDF VII.1,5.447E+00
AG616-A1,238U,ENDF VII.1,9.258E+02
AG616-A1,238Pu,ENDF VII.1,2.798E-01
AG616-A1,239Pu,ENDF VII.1,5.947E+00
AG616-A1,240Pu,ENDF VII.1,2.883E+00
AG616-A1,241Pu,ENDF VII.1,7.128E-01
AG616-A1,242Pu,ENDF VII.1,8.185E-01
AG616-A1,237Np,ENDF VII.1,6.363E-01
AG616-A1,241Am,ENDF VII.1,1.019E+00
AG616-A1,243Am,ENDF VII.1,1.775E-01
AG616-A1,244Cm,ENDF VII.1,4.083E-02
AG616-A1,133Cs,ENDF VII.1,1.522E+00
AG616-A1,134Cs,ENDF VII.1,4.805E-04
AG616-A1,135Cs,ENDF VII.1,5.768E-01
AG616-A1,137Cs,ENDF VII.1,1.114E+00
AG616-A1,140Ce,ENDF VII.1,1.716E+00
AG616-A1,142Ce,ENDF VII.1,1.554E+00
AG616-A1,142Nd,ENDF VII.1,3.266E-02
AG616-A1,143Nd,ENDF VII.1,1.051E+00
AG616-A1,144Nd,ENDF VII.1,1.858E+00
AG616-A1,145Nd,ENDF VII.1,9.069E-01
AG616-A1,146Nd,ENDF VII.1,9.815E-01
AG616-A1,148Nd,ENDF VII.1,5.144E-01
AG616-A1,150Nd,ENDF VII.1,2.496E-01
AG616-A1,147Sm,ENDF VII.1,3.247E-01
AG616-A1,148Sm,ENDF VII.1,2.117E-01
AG616-A1,149Sm,ENDF VII.1,3.717E-03
AG616-A1,150Sm,ENDF VII.1,4.039E-01
AG616-A1,151Sm,ENDF VII.1,1.227E-02
AG616-A1,152Sm,ENDF VII.1,1.328E-01
AG616-A1,154Sm,ENDF VII.1,5.323E-02
AG616-A1,151Eu,ENDF VII.1,1.821E-03
AG616-A1,152Eu,ENDF VII.1,4.717E-06
AG616-A1,153Eu,ENDF VII.1,1.585E-01
AG616-A1,154Eu,ENDF VII.1,8.933E-03
AG616-A1,155Eu,ENDF VII.1,9.050E-04
AG616-A1,152Gd,ENDF VII.1,3.879E-05
AG616-A1,154Gd,ENDF VII.1,3.266E-02
AG616-A1,155Gd,ENDF VII.1,1.138E-02
AG616-A1,156Gd,ENDF VII.1,1.431E-01
AG616-A1,157Gd,ENDF VII.1,1.422E-04
AG616-A1,158Gd,ENDF VII.1,2.739E-02
AG616-A1,160Gd,ENDF VII.1,1.594E-03
AG616-A1,109Ag,ENDF VII.1,1.019E-01
AG616-A1,95Mo,ENDF VII.1,1.021E+00
AG616-A1,103Rh,ENDF VII.1,6.444E-01
AG616-A1,99Tc,ENDF VII.1,1.097E+00
AG616-A1,233U,ENDF VII.0 + mod-Wright,8.027E-06
AG616-A1,234U,ENDF VII.0 + mod-Wright,2.373E-01
AG616-A1,235U,ENDF VII.0 + mod-Wright,8.361E+00
AG616-A1,236U,ENDF VII.0 + mod-Wright,5.449E+00
AG616-A1,238U,ENDF VII.0 + mod-Wright,9.256E+02
AG616-A1,238Pu,ENDF VII.0 + mod-Wright,2.519E-01
AG616-A1,239Pu,ENDF VII.0 + mod-Wright,6.048E+00
AG616-A1,240Pu,ENDF VII.0 + mod-Wright,2.926E+00
AG616-A1,241Pu,ENDF VII.0 + mod-Wright,7.170E-01
AG616-A1,242Pu,ENDF VII.0 + mod-Wright,7.908E-01
AG616-A1,237Np,ENDF VII.0 + mod-Wright,6.435E-01
AG616-A1,241Am,ENDF VII.0 + mod-Wright,1.031E+00
AG616-A1,243Am,ENDF VII.0 + mod-Wright,1.982E-01
AG616-A1,244Cm,ENDF VII.0 + mod-Wright,4.014E-02
AG616-A1,133Cs,ENDF VII.0 + mod-Wright,1.514E+00
AG616-A1,134Cs,ENDF VII.0 + mod-Wright,4.934E-04
AG616-A1,135Cs,ENDF VII.0 + mod-Wright,5.776E-01
AG616-A1,137Cs,ENDF VII.0 + mod-Wright,1.113E+00
AG616-A1,140Ce,ENDF VII.0 + mod-Wright,1.715E+00
AG616-A1,142Ce,ENDF VII.0 + mod-Wright,1.555E+00
AG616-A1,142Nd,ENDF VII.0 + mod-Wright,3.247E-02
AG616-A1,143Nd,ENDF VII.0 + mod-Wright,1.052E+00
AG616-A1,144Nd,ENDF VII.0 + mod-Wright,1.855E+00
AG616-A1,145Nd,ENDF VII.0 + mod-Wright,8.931E-01
AG616-A1,146Nd,ENDF VII.0 + mod-Wright,9.942E-01
AG616-A1,148Nd,ENDF VII.0 + mod-Wright,5.142E-01
AG616-A1,150Nd,ENDF VII.0 + mod-Wright,2.496E-01
AG616-A1,147Sm,ENDF VII.0 + mod-Wright,3.261E-01
AG616-A1,148Sm,ENDF VII.0 + mod-Wright,2.111E-01
AG616-A1,149Sm,ENDF VII.0 + mod-Wright,3.731E-03
AG616-A1,150Sm,ENDF VII.0 + mod-Wright,4.029E-01
AG616-A1,151Sm,ENDF VII.0 + mod-Wright,1.232E-02
AG616-A1,152Sm,ENDF VII.0 + mod-Wright,1.330E-01
AG616-A1,154Sm,ENDF VII.0 + mod-Wright,5.320E-02
AG616-A1,151Eu,ENDF VII.0 + mod-Wright,1.828E-03
AG616-A1,152Eu,ENDF VII.0 + mod-Wright,4.790E-06
AG616-A1,153Eu,ENDF VII.0 + mod-Wright,1.633E-01
AG616-A1,154Eu,ENDF VII.0 + mod-Wright,7.648E-03
AG616-A1,155Eu,ENDF VII.0 + mod-Wright,9.125E-04
AG616-A1,152Gd,ENDF VII.0 + mod-Wright,3.902E-05
AG616-A1,154Gd,ENDF VII.0 + mod-Wright,2.804E-02
AG616-A1,155Gd,ENDF VII.0 + mod-Wright,1.148E-02
AG616-A1,156Gd,ENDF VII.0 + mod-Wright,1.441E-01
AG616-A1,157Gd,ENDF VII.0 + mod-Wright,1.431E-04
AG616-A1,158Gd,ENDF VII.0 + mod-Wright,2.743E-02
AG616-A1,160Gd,ENDF VII.0 + mod-Wright,1.595E-03
AG616-A1,109Ag,ENDF VII.0 + mod-Wright,1.020E-01
AG616-A1,95Mo,ENDF VII.0 + mod-Wright,1.016E+00
AG616-A1,103Rh,ENDF VII.0 + mod-Wright,6.338E-01
AG616-A1,99Tc,ENDF VII.0 + mod-Wright,1.082E+00
AG616-A1,233U,ENDF VII.0 + mod-Mughabghab,8.027E-06
AG616-A1,234U,ENDF VII.0 + mod-Mughabghab,2.373E-01
AG616-A1,235U,ENDF VII.0 + mod-Mughabghab,8.359E+00
AG616-A1,236U,ENDF VII.0 + mod-Mughabghab,5.449E+00
AG616-A1,238U,ENDF VII.0 + mod-Mughabghab,9.256E+02
AG616-A1,238Pu,ENDF VII.0 + mod-Mughabghab,2.519E-01
AG616-A1,239Pu,ENDF VII.0 + mod-Mughabghab,6.046E+00
AG616-A1,240Pu,ENDF VII.0 + mod-Mughabghab,2.926E+00
AG616-A1,241Pu,ENDF VII.0 + mod-Mughabghab,7.170E-01
AG616-A1,242Pu,ENDF VII.0 + mod-Mughabghab,7.908E-01
AG616-A1,237Np,ENDF VII.0 + mod-Mughabghab,6.435E-01
AG616-A1,241Am,ENDF VII.0 + mod-Mughabghab,1.031E+00
AG616-A1,243Am,ENDF VII.0 + mod-Mughabghab,1.982E-01
AG616-A1,244Cm,ENDF VII.0 + mod-Mughabghab,4.012E-02
AG616-A1,133Cs,ENDF VII.0 + mod-Mughabghab,1.514E+00
AG616-A1,134Cs,ENDF VII.0 + mod-Mughabghab,4.934E-04
AG616-A1,135Cs,ENDF VII.0 + mod-Mughabghab,5.776E-01
AG616-A1,137Cs,ENDF VII.0 + mod-Mughabghab,1.113E+00
AG616-A1,140Ce,ENDF VII.0 + mod-Mughabghab,1.715E+00
AG616-A1,142Ce,ENDF VII.0 + mod-Mughabghab,1.555E+00
AG616-A1,142Nd,ENDF VII.0 + mod-Mughabghab,3.247E-02
AG616-A1,143Nd,ENDF VII.0 + mod-Mughabghab,1.052E+00
AG616-A1,144Nd,ENDF VII.0 + mod-Mughabghab,1.855E+00
AG616-A1,145Nd,ENDF VII.0 + mod-Mughabghab,8.931E-01
AG616-A1,146Nd,ENDF VII.0 + mod-Mughabghab,9.942E-01
AG616-A1,148Nd,ENDF VII.0 + mod-Mughabghab,5.142E-01
AG616-A1,150Nd,ENDF VII.0 + mod-Mughabghab,2.496E-01
AG616-A1,147Sm,ENDF VII.0 + mod-Mughabghab,3.261E-01
AG616-A1,148Sm,ENDF VII.0 + mod-Mughabghab,2.111E-01
AG616-A1,149Sm,ENDF VII.0 + mod-Mughabghab,3.731E-03
AG616-A1,150Sm,ENDF VII.0 + mod-Mughabghab,4.029E-01
AG616-A1,151Sm,ENDF VII.0 + mod-Mughabghab,1.231E-02
AG616-A1,152Sm,ENDF VII.0 + mod-Mughabghab,1.331E-01
AG616-A1,154Sm,ENDF VII.0 + mod-Mughabghab,5.320E-02
AG616-A1,151Eu,ENDF VII.0 + mod-Mughabghab,1.828E-03
AG616-A1,152Eu,ENDF VII.0 + mod-Mughabghab,4.788E-06
AG616-A1,153Eu,ENDF VII.0 + mod-Mughabghab,1.633E-01
AG616-A1,154Eu,ENDF VII.0 + mod-Mughabghab,8.259E-03
AG616-A1,155Eu,ENDF VII.0 + mod-Mughabghab,8.992E-04
AG616-A1,152Gd,ENDF VII.0 + mod-Mughabghab,3.900E-05
AG616-A1,154Gd,ENDF VII.0 + mod-Mughabghab,3.022E-02
AG616-A1,155Gd,ENDF VII.0 + mod-Mughabghab,1.131E-02
AG616-A1,156Gd,ENDF VII.0 + mod-Mughabghab,1.415E-01
AG616-A1,157Gd,ENDF VII.0 + mod-Mughabghab,1.417E-04
AG616-A1,158Gd,ENDF VII.0 + mod-Mughabghab,2.729E-02
AG616-A1,160Gd,ENDF VII.0 + mod-Mughabghab,1.595E-03
AG616-A1,109Ag,ENDF VII.0 + mod-Mughabghab,1.020E-01
AG616-A1,95Mo,ENDF VII.0 + mod-Mughabghab,1.016E+00
AG616-A1,103Rh,ENDF VII.0 + mod-Mughabghab,6.338E-01
AG616-A1,99Tc,ENDF VII.0 + mod-Mughabghab,1.082E+00
AG616-A1,233U,ENDF VII.1 + mod-Mughabghab,7.130E-06
AG616-A1,234U,ENDF VII.1 + mod-Mughabghab,2.415E-01
AG616-A1,235U,ENDF VII.1 + mod-Mughabghab,8.322E+00
AG616-A1,236U,ENDF VII.1 + mod-Mughabghab,5.447E+00
AG616-A1,238U,ENDF VII.1 + mod-Mughabghab,9.258E+02
AG616-A1,238Pu,ENDF VII.1 + mod-Mughabghab,2.798E-01
AG616-A1,239Pu,ENDF VII.1 + mod-Mughabghab,5.947E+00
AG616-A1,240Pu,ENDF VII.1 + mod-Mughabghab,2.883E+00
AG616-A1,241Pu,ENDF VII.1 + mod-Mughabghab,7.128E-01
AG616-A1,242Pu,ENDF VII.1 + mod-Mughabghab,8.182E-01
AG616-A1,237Np,ENDF VII.1 + mod-Mughabghab,6.365E-01
AG616-A1,241Am,ENDF VII.1 + mod-Mughabghab,1.019E+00
AG616-A1,243Am,ENDF VII.1 + mod-Mughabghab,1.776E-01
AG616-A1,244Cm,ENDF VII.1 + mod-Mughabghab,4.087E-02
AG616-A1,133Cs,ENDF VII.1 + mod-Mughabghab,1.522E+00
AG616-A1,134Cs,ENDF VII.1 + mod-Mughabghab,4.807E-04
AG616-A1,135Cs,ENDF VII.1 + mod-Mughabghab,5.768E-01
AG616-A1,137Cs,ENDF VII.1 + mod-Mughabghab,1.114E+00
AG616-A1,140Ce,ENDF VII.1 + mod-Mughabghab,1.716E+00
AG616-A1,142Ce,ENDF VII.1 + mod-Mughabghab,1.554E+00
AG616-A1,142Nd,ENDF VII.1 + mod-Mughabghab,3.266E-02
AG616-A1,143Nd,ENDF VII.1 + mod-Mughabghab,1.051E+00
AG616-A1,144Nd,ENDF VII.1 + mod-Mughabghab,1.858E+00
AG616-A1,145Nd,ENDF VII.1 + mod-Mughabghab,9.066E-01
AG616-A1,146Nd,ENDF VII.1 + mod-Mughabghab,9.815E-01
AG616-A1,148Nd,ENDF VII.1 + mod-Mughabghab,5.144E-01
AG616-A1,150Nd,ENDF VII.1 + mod-Mughabghab,2.496E-01
AG616-A1,147Sm,ENDF VII.1 + mod-Mughabghab,3.249E-01
AG616-A1,148Sm,ENDF VII.1 + mod-Mughabghab,2.117E-01
AG616-A1,149Sm,ENDF VII.1 + mod-Mughabghab,3.717E-03
AG616-A1,150Sm,ENDF VII.1 + mod-Mughabghab,4.039E-01
AG616-A1,151Sm,ENDF VII.1 + mod-Mughabghab,1.227E-02
AG616-A1,152Sm,ENDF VII.1 + mod-Mughabghab,1.328E-01
AG616-A1,154Sm,ENDF VII.1 + mod-Mughabghab,5.323E-02
AG616-A1,151Eu,ENDF VII.1 + mod-Mughabghab,1.822E-03
AG616-A1,152Eu,ENDF VII.1 + mod-Mughabghab,4.719E-06
AG616-A1,153Eu,ENDF VII.1 + mod-Mughabghab,1.584E-01
AG616-A1,154Eu,ENDF VII.1 + mod-Mughabghab,8.438E-03
AG616-A1,155Eu,ENDF VII.1 + mod-Mughabghab,9.162E-04
AG616-A1,152Gd,ENDF VII.1 + mod-Mughabghab,3.879E-05
AG616-A1,154Gd,ENDF VII.1 + mod-Mughabghab,3.091E-02
AG616-A1,155Gd,ENDF VII.1 + mod-Mughabghab,1.152E-02
AG616-A1,156Gd,ENDF VII.1 + mod-Mughabghab,1.452E-01
AG616-A1,157Gd,ENDF VII.1 + mod-Mughabghab,1.433E-04
AG616-A1,158Gd,ENDF VII.1 + mod-Mughabghab,2.752E-02
AG616-A1,160Gd,ENDF VII.1 + mod-Mughabghab,1.594E-03
AG616-A1,109Ag,ENDF VII.1 + mod-Mughabghab,1.019E-01
AG616-A1,95Mo,ENDF VII.1 + mod-Mughabghab,1.021E+00
AG616-A1,103Rh,ENDF VII.1 + mod-Mughabghab,6.444E-01
AG616-A1,99Tc,ENDF VII.1 + mod-Mughabghab,1.097E+00
AG616-A1,233U,JEFF-3.2,7.132E-06
AG616-A1,234U,JEFF-3.2,2.415E-01
AG616-A1,235U,JEFF-3.2,8.322E+00
AG616-A1,236U,JEFF-3.2,5.447E+00
AG616-A1,238U,JEFF-3.2,9.258E+02
AG616-A1,238Pu,JEFF-3.2,2.798E-01
AG616-A1,239Pu,JEFF-3.2,5.947E+00
AG616-A1,240Pu,JEFF-3.2,2.883E+00
AG616-A1,241Pu,JEFF-3.2,7.128E-01
AG616-A1,242Pu,JEFF-3.2,8.185E-01
AG616-A1,237Np,JEFF-3.2,6.363E-01
AG616-A1,241Am,JEFF-3.2,1.019E+00
AG616-A1,243Am,JEFF-3.2,1.775E-01
AG616-A1,244Cm,JEFF-3.2,4.083E-02
AG616-A1,133Cs,JEFF-3.2,1.522E+00
AG616-A1,134Cs,JEFF-3.2,4.805E-04
AG616-A1,135Cs,JEFF-3.2,5.768E-01
AG616-A1,137Cs,JEFF-3.2,1.114E+00
AG616-A1,140Ce,JEFF-3.2,1.716E+00
AG616-A1,142Ce,JEFF-3.2,1.554E+00
AG616-A1,142Nd,JEFF-3.2,3.266E-02
AG616-A1,143Nd,JEFF-3.2,1.051E+00
AG616-A1,144Nd,JEFF-3.2,1.858E+00
AG616-A1,145Nd,JEFF-3.2,9.069E-01
AG616-A1,146Nd,JEFF-3.2,9.815E-01
AG616-A1,148Nd,JEFF-3.2,5.144E-01
AG616-A1,150Nd,JEFF-3.2,2.496E-01
AG616-A1,147Sm,JEFF-3.2,3.247E-01
AG616-A1,148Sm,JEFF-3.2,2.117E-01
AG616-A1,149Sm,JEFF-3.2,3.717E-03
AG616-A1,150Sm,JEFF-3.2,4.039E-01
AG616-A1,151Sm,JEFF-3.2,1.227E-02
AG616-A1,152Sm,JEFF-3.2,1.328E-01
AG616-A1,154Sm,JEFF-3.2,5.323E-02
AG616-A1,151Eu,JEFF-3.2,1.821E-03
AG616-A1,152Eu,JEFF-3.2,4.717E-06
AG616-A1,153Eu,JEFF-3.2,1.585E-01
AG616-A1,154Eu,JEFF-3.2,8.921E-03
AG616-A1,155Eu,JEFF-3.2,9.052E-04
AG616-A1,152Gd,JEFF-3.2,3.879E-05
AG616-A1,154Gd,JEFF-3.2,3.263E-02
AG616-A1,155Gd,JEFF-3.2,1.139E-02
AG616-A1,156Gd,JEFF-3.2,1.432E-01
AG616-A1,157Gd,JEFF-3.2,1.422E-04
AG616-A1,158Gd,JEFF-3.2,2.739E-02
AG616-A1,160Gd,JEFF-3.2,1.594E-03
AG616-A1,109Ag,JEFF-3.2,1.019E-01
AG616-A1,95Mo,JEFF-3.2,1.021E+00
AG616-A1,103Rh,JEFF-3.2,6.444E-01
AG616-A1,99Tc,JEFF-3.2,1.097E+00
AG616-A1,233U,JEFF-3.2 + mod-Mughabghab,7.132E-06
AG616-A1,234U,JEFF-3.2 + mod-Mughabghab,2.415E-01
AG616-A1,235U,JEFF-3.2 + mod-Mughabghab,8.324E+00
AG616-A1,236U,JEFF-3.2 + mod-Mughabghab,5.447E+00
AG616-A1,238U,JEFF-3.2 + mod-Mughabghab,9.258E+02
AG616-A1,238Pu,JEFF-3.2 + mod-Mughabghab,2.798E-01
AG616-A1,239Pu,JEFF-3.2 + mod-Mughabghab,5.947E+00
AG616-A1,240Pu,JEFF-3.2 + mod-Mughabghab,2.883E+00
AG616-A1,241Pu,JEFF-3.2 + mod-Mughabghab,7.128E-01
AG616-A1,242Pu,JEFF-3.2 + mod-Mughabghab,8.185E-01
AG616-A1,237Np,JEFF-3.2 + mod-Mughabghab,6.363E-01
AG616-A1,241Am,JEFF-3.2 + mod-Mughabghab,1.019E+00
AG616-A1,243Am,JEFF-3.2 + mod-Mughabghab,1.775E-01
AG616-A1,244Cm,JEFF-3.2 + mod-Mughabghab,4.085E-02
AG616-A1,133Cs,JEFF-3.2 + mod-Mughabghab,1.522E+00
AG616-A1,134Cs,JEFF-3.2 + mod-Mughabghab,4.805E-04
AG616-A1,135Cs,JEFF-3.2 + mod-Mughabghab,5.768E-01
AG616-A1,137Cs,JEFF-3.2 + mod-Mughabghab,1.114E+00
AG616-A1,140Ce,JEFF-3.2 + mod-Mughabghab,1.716E+00
AG616-A1,142Ce,JEFF-3.2 + mod-Mughabghab,1.554E+00
AG616-A1,142Nd,JEFF-3.2 + mod-Mughabghab,3.266E-02
AG616-A1,143Nd,JEFF-3.2 + mod-Mughabghab,1.051E+00
AG616-A1,144Nd,JEFF-3.2 + mod-Mughabghab,1.858E+00
AG616-A1,145Nd,JEFF-3.2 + mod-Mughabghab,9.069E-01
AG616-A1,146Nd,JEFF-3.2 + mod-Mughabghab,9.815E-01
AG616-A1,148Nd,JEFF-3.2 + mod-Mughabghab,5.144E-01
AG616-A1,150Nd,JEFF-3.2 + mod-Mughabghab,2.496E-01
AG616-A1,147Sm,JEFF-3.2 + mod-Mughabghab,3.247E-01
AG616-A1,148Sm,JEFF-3.2 + mod-Mughabghab,2.117E-01
AG616-A1,149Sm,JEFF-3.2 + mod-Mughabghab,3.717E-03
AG616-A1,150Sm,JEFF-3.2 + mod-Mughabghab,4.039E-01
AG616-A1,151Sm,JEFF-3.2 + mod-Mughabghab,1.227E-02
AG616-A1,152Sm,JEFF-3.2 + mod-Mughabghab,1.328E-01
AG616-A1,154Sm,JEFF-3.2 + mod-Mughabghab,5.323E-02
AG616-A1,151Eu,JEFF-3.2 + mod-Mughabghab,1.822E-03
AG616-A1,152Eu,JEFF-3.2 + mod-Mughabghab,4.719E-06
AG616-A1,153Eu,JEFF-3.2 + mod-Mughabghab,1.585E-01
AG616-A1,154Eu,JEFF-3.2 + mod-Mughabghab,8.407E-03
AG616-A1,155Eu,JEFF-3.2 + mod-Mughabghab,9.166E-04
AG616-A1,152Gd,JEFF-3.2 + mod-Mughabghab,3.879E-05
AG616-A1,154Gd,JEFF-3.2 + mod-Mughabghab,3.078E-02
AG616-A1,155Gd,JEFF-3.2 + mod-Mughabghab,1.153E-02
AG616-A1,156Gd,JEFF-3.2 + mod-Mughabghab,1.453E-01
AG616-A1,157Gd,JEFF-3.2 + mod-Mughabghab,1.433E-04
AG616-A1,158Gd,JEFF-3.2 + mod-Mughabghab,2.752E-02
AG616-A1,160Gd,JEFF-3.2 + mod-Mughabghab,1.594E-03
AG616-A1,109Ag,JEFF-3.2 + mod-Mughabghab,1.019E-01
AG616-A1,95Mo,JEFF-3.2 + mod-Mughabghab,1.021E+00
AG616-A1,103Rh,JEFF-3.2 + mod-Mughabghab,6.444E-01
AG616-A1,99Tc,JEFF-3.2 + mod-Mughabghab,1.097E+00
AG616-B1,233U,ENDF VII.0,8.576E-06
AG616-B1,234U,ENDF VII.0,2.236E-01
AG616-B1,235U,ENDF VII.0,5.724E+00
AG616-B1,236U,ENDF VII.0,5.707E+00
AG616-B1,238U,ENDF VII.0,9.175E+02
AG616-B1,238Pu,ENDF VII.0,3.571E-01
AG616-B1,239Pu,ENDF VII.0,6.094E+00
AG616-B1,240Pu,ENDF VII.0,3.320E+00
AG616-B1,241Pu,ENDF VII.0,8.020E-01
AG616-B1,242Pu,ENDF VII.0,1.117E+00
AG616-B1,237Np,ENDF VII.0,7.725E-01
AG616-B1,241Am,ENDF VII.0,1.151E+00
AG616-B1,243Am,ENDF VII.0,3.216E-01
AG616-B1,244Cm,ENDF VII.0,8.295E-02
AG616-B1,133Cs,ENDF VII.0,1.731E+00
AG616-B1,134Cs,ENDF VII.0,6.812E-04
AG616-B1,135Cs,ENDF VII.0,6.125E-01
AG616-B1,137Cs,ENDF VII.0,1.332E+00
AG616-B1,140Ce,ENDF VII.0,2.042E+00
AG616-B1,142Ce,ENDF VII.0,1.842E+00
AG616-B1,142Nd,ENDF VII.0,4.817E-02
AG616-B1,143Nd,ENDF VII.0,1.132E+00
AG616-B1,144Nd,ENDF VII.0,2.286E+00
AG616-B1,145Nd,ENDF VII.0,1.015E+00
AG616-B1,146Nd,ENDF VII.0,1.221E+00
AG616-B1,148Nd,ENDF VII.0,6.163E-01
AG616-B1,150Nd,ENDF VII.0,3.045E-01
AG616-B1,147Sm,ENDF VII.0,3.370E-01
AG616-B1,148Sm,ENDF VII.0,2.762E-01
AG616-B1,149Sm,ENDF VII.0,3.773E-03
AG616-B1,150Sm,ENDF VII.0,4.905E-01
AG616-B1,151Sm,ENDF VII.0,1.326E-02
AG616-B1,152Sm,ENDF VII.0,1.476E-01
AG616-B1,154Sm,ENDF VII.0,6.887E-02
AG616-B1,151Eu,ENDF VII.0,1.967E-03
AG616-B1,152Eu,ENDF VII.0,4.532E-06
AG616-B1,153Eu,ENDF VII.0,1.957E-01
AG616-B1,154Eu,ENDF VII.0,1.105E-02
AG616-B1,155Eu,ENDF VII.0,1.121E-03
AG616-B1,152Gd,ENDF VII.0,3.700E-05
AG616-B1,154Gd,ENDF VII.0,4.079E-02
AG616-B1,155Gd,ENDF VII.0,1.409E-02
AG616-B1,156Gd,ENDF VII.0,2.182E-01
AG616-B1,157Gd,ENDF VII.0,1.805E-04
AG616-B1,158Gd,ENDF VII.0,4.087E-02
AG616-B1,160Gd,ENDF VII.0,2.159E-03
AG616-B1,109Ag,ENDF VII.0,1.301E-01
AG616-B1,95Mo,ENDF VII.0,1.174E+00
AG616-B1,103Rh,ENDF VII.0,7.180E-01
AG616-B1,99Tc,ENDF VII.0,1.249E+00
AG616-B1,233U,ENDF VII.1,7.779E-06
AG616-B1,234U,ENDF VII.1,2.305E-01
AG616-B1,235U,ENDF VII.1,5.678E+00
AG616-B1,236U,ENDF VII.1,5.701E+00
AG616-B1,238U,ENDF VII.1,9.175E+02
AG616-B1,238Pu,ENDF VII.1,4.029E-01
AG616-B1,239Pu,ENDF VII.1,5.976E+00
AG616-B1,240Pu,ENDF VII.1,3.263E+00
AG616-B1,241Pu,ENDF VII.1,7.947E-01
AG616-B1,242Pu,ENDF VII.1,1.159E+00
AG616-B1,237Np,ENDF VII.1,7.623E-01
AG616-B1,241Am,ENDF VII.1,1.133E+00
AG616-B1,243Am,ENDF VII.1,2.881E-01
AG616-B1,244Cm,ENDF VII.1,8.451E-02
AG616-B1,133Cs,ENDF VII.1,1.742E+00
AG616-B1,134Cs,ENDF VII.1,6.650E-04
AG616-B1,135Cs,ENDF VII.1,6.109E-01
AG616-B1,137Cs,ENDF VII.1,1.332E+00
AG616-B1,140Ce,ENDF VII.1,2.043E+00
AG616-B1,142Ce,ENDF VII.1,1.840E+00
AG616-B1,142Nd,ENDF VII.1,4.853E-02
AG616-B1,143Nd,ENDF VII.1,1.129E+00
AG616-B1,144Nd,ENDF VII.1,2.290E+00
AG616-B1,145Nd,ENDF VII.1,1.034E+00
AG616-B1,146Nd,ENDF VII.1,1.203E+00
AG616-B1,148Nd,ENDF VII.1,6.167E-01
AG616-B1,150Nd,ENDF VII.1,3.047E-01
AG616-B1,147Sm,ENDF VII.1,3.349E-01
AG616-B1,148Sm,ENDF VII.1,2.773E-01
AG616-B1,149Sm,ENDF VII.1,3.752E-03
AG616-B1,150Sm,ENDF VII.1,4.917E-01
AG616-B1,151Sm,ENDF VII.1,1.319E-02
AG616-B1,152Sm,ENDF VII.1,1.473E-01
AG616-B1,154Sm,ENDF VII.1,6.891E-02
AG616-B1,151Eu,ENDF VII.1,1.956E-03
AG616-B1,152Eu,ENDF VII.1,4.445E-06
AG616-B1,153Eu,ENDF VII.1,1.890E-01
AG616-B1,154Eu,ENDF VII.1,1.118E-02
AG616-B1,155Eu,ENDF VII.1,1.138E-03
AG616-B1,152Gd,ENDF VII.1,3.667E-05
AG616-B1,154Gd,ENDF VII.1,4.133E-02
AG616-B1,155Gd,ENDF VII.1,1.430E-02
AG616-B1,156Gd,ENDF VII.1,2.240E-01
AG616-B1,157Gd,ENDF VII.1,1.823E-04
AG616-B1,158Gd,ENDF VII.1,4.133E-02
AG616-B1,160Gd,ENDF VII.1,2.159E-03
AG616-B1,109Ag,ENDF VII.1,1.300E-01
AG616-B1,95Mo,ENDF VII.1,1.180E+00
AG616-B1,103Rh,ENDF VII.1,7.317E-01
AG616-B1,99Tc,ENDF VII.1,1.269E+00
AG616-B1,233U,ENDF VII.0 + mod-Wright,8.578E-06
AG616-B1,234U,ENDF VII.0 + mod-Wright,2.236E-01
AG616-B1,235U,ENDF VII.0 + mod-Wright,5.726E+00
AG616-B1,236U,ENDF VII.0 + mod-Wright,5.707E+00
AG616-B1,238U,ENDF VII.0 + mod-Wright,9.173E+02
AG616-B1,238Pu,ENDF VII.0 + mod-Wright,3.573E-01
AG616-B1,239Pu,ENDF VII.0 + mod-Wright,6.096E+00
AG616-B1,240Pu,ENDF VII.0 + mod-Wright,3.320E+00
AG616-B1,241Pu,ENDF VII.0 + mod-Wright,8.022E-01
AG616-B1,242Pu,ENDF VII.0 + mod-Wright,1.117E+00
AG616-B1,237Np,ENDF VII.0 + mod-Wright,7.727E-01
AG616-B1,241Am,ENDF VII.0 + mod-Wright,1.151E+00
AG616-B1,243Am,ENDF VII.0 + mod-Wright,3.216E-01
AG616-B1,244Cm,ENDF VII.0 + mod-Wright,8.297E-02
AG616-B1,133Cs,ENDF VII.0 + mod-Wright,1.731E+00
AG616-B1,134Cs,ENDF VII.0 + mod-Wright,6.812E-04
AG616-B1,135Cs,ENDF VII.0 + mod-Wright,6.125E-01
AG616-B1,137Cs,ENDF VII.0 + mod-Wright,1.331E+00
AG616-B1,140Ce,ENDF VII.0 + mod-Wright,2.042E+00
AG616-B1,142Ce,ENDF VII.0 + mod-Wright,1.842E+00
AG616-B1,142Nd,ENDF VII.0 + mod-Wright,4.815E-02
AG616-B1,143Nd,ENDF VII.0 + mod-Wright,1.132E+00
AG616-B1,144Nd,ENDF VII.0 + mod-Wright,2.286E+00
AG616-B1,145Nd,ENDF VII.0 + mod-Wright,1.014E+00
AG616-B1,146Nd,ENDF VII.0 + mod-Wright,1.221E+00
AG616-B1,148Nd,ENDF VII.0 + mod-Wright,6.163E-01
AG616-B1,150Nd,ENDF VII.0 + mod-Wright,3.045E-01
AG616-B1,147Sm,ENDF VII.0 + mod-Wright,3.367E-01
AG616-B1,148Sm,ENDF VII.0 + mod-Wright,2.764E-01
AG616-B1,149Sm,ENDF VII.0 + mod-Wright,3.775E-03
AG616-B1,150Sm,ENDF VII.0 + mod-Wright,4.905E-01
AG616-B1,151Sm,ENDF VII.0 + mod-Wright,1.327E-02
AG616-B1,152Sm,ENDF VII.0 + mod-Wright,1.475E-01
AG616-B1,154Sm,ENDF VII.0 + mod-Wright,6.887E-02
AG616-B1,151Eu,ENDF VII.0 + mod-Wright,1.968E-03
AG616-B1,152Eu,ENDF VII.0 + mod-Wright,4.538E-06
AG616-B1,153Eu,ENDF VII.0 + mod-Wright,1.957E-01
AG616-B1,154Eu,ENDF VII.0 + mod-Wright,9.549E-03
AG616-B1,155Eu,ENDF VII.0 + mod-Wright,1.143E-03
AG616-B1,152Gd,ENDF VII.0 + mod-Wright,3.702E-05
AG616-B1,154Gd,ENDF VII.0 + mod-Wright,3.536E-02
AG616-B1,155Gd,ENDF VII.0 + mod-Wright,1.437E-02
AG616-B1,156Gd,ENDF VII.0 + mod-Wright,2.244E-01
AG616-B1,157Gd,ENDF VII.0 + mod-Wright,1.835E-04
AG616-B1,158Gd,ENDF VII.0 + mod-Wright,4.135E-02
AG616-B1,160Gd,ENDF VII.0 + mod-Wright,2.161E-03
AG616-B1,109Ag,ENDF VII.0 + mod-Wright,1.301E-01
AG616-B1,95Mo,ENDF VII.0 + mod-Wright,1.174E+00
AG616-B1,103Rh,ENDF VII.0 + mod-Wright,7.180E-01
AG616-B1,99Tc,ENDF VII.0 + mod-Wright,1.248E+00
AG616-B1,233U,ENDF VII.0 + mod-Mughabghab,8.576E-06
AG616-B1,234U,ENDF VII.0 + mod-Mughabghab,2.236E-01
AG616-B1,235U,ENDF VII.0 + mod-Mughabghab,5.724E+00
AG616-B1,236U,ENDF VII.0 + mod-Mughabghab,5.707E+00
AG616-B1,238U,ENDF VII.0 + mod-Mughabghab,9.173E+02
AG616-B1,238Pu,ENDF VII.0 + mod-Mughabghab,3.571E-01
AG616-B1,239Pu,ENDF VII.0 + mod-Mughabghab,6.096E+00
AG616-B1,240Pu,ENDF VII.0 + mod-Mughabghab,3.320E+00
AG616-B1,241Pu,ENDF VII.0 + mod-Mughabghab,8.020E-01
AG616-B1,242Pu,ENDF VII.0 + mod-Mughabghab,1.117E+00
AG616-B1,237Np,ENDF VII.0 + mod-Mughabghab,7.727E-01
AG616-B1,241Am,ENDF VII.0 + mod-Mughabghab,1.151E+00
AG616-B1,243Am,ENDF VII.0 + mod-Mughabghab,3.216E-01
AG616-B1,244Cm,ENDF VII.0 + mod-Mughabghab,8.295E-02
AG616-B1,133Cs,ENDF VII.0 + mod-Mughabghab,1.731E+00
AG616-B1,134Cs,ENDF VII.0 + mod-Mughabghab,6.812E-04
AG616-B1,135Cs,ENDF VII.0 + mod-Mughabghab,6.125E-01
AG616-B1,137Cs,ENDF VII.0 + mod-Mughabghab,1.332E+00
AG616-B1,140Ce,ENDF VII.0 + mod-Mughabghab,2.042E+00
AG616-B1,142Ce,ENDF VII.0 + mod-Mughabghab,1.842E+00
AG616-B1,142Nd,ENDF VII.0 + mod-Mughabghab,4.817E-02
AG616-B1,143Nd,ENDF VII.0 + mod-Mughabghab,1.132E+00
AG616-B1,144Nd,ENDF VII.0 + mod-Mughabghab,2.286E+00
AG616-B1,145Nd,ENDF VII.0 + mod-Mughabghab,1.014E+00
AG616-B1,146Nd,ENDF VII.0 + mod-Mughabghab,1.221E+00
AG616-B1,148Nd,ENDF VII.0 + mod-Mughabghab,6.163E-01
AG616-B1,150Nd,ENDF VII.0 + mod-Mughabghab,3.045E-01
AG616-B1,147Sm,ENDF VII.0 + mod-Mughabghab,3.367E-01
AG616-B1,148Sm,ENDF VII.0 + mod-Mughabghab,2.762E-01
AG616-B1,149Sm,ENDF VII.0 + mod-Mughabghab,3.773E-03
AG616-B1,150Sm,ENDF VII.0 + mod-Mughabghab,4.905E-01
AG616-B1,151Sm,ENDF VII.0 + mod-Mughabghab,1.326E-02
AG616-B1,152Sm,ENDF VII.0 + mod-Mughabghab,1.475E-01
AG616-B1,154Sm,ENDF VII.0 + mod-Mughabghab,6.887E-02
AG616-B1,151Eu,ENDF VII.0 + mod-Mughabghab,1.967E-03
AG616-B1,152Eu,ENDF VII.0 + mod-Mughabghab,4.534E-06
AG616-B1,153Eu,ENDF VII.0 + mod-Mughabghab,1.957E-01
AG616-B1,154Eu,ENDF VII.0 + mod-Mughabghab,1.036E-02
AG616-B1,155Eu,ENDF VII.0 + mod-Mughabghab,1.131E-03
AG616-B1,152Gd,ENDF VII.0 + mod-Mughabghab,3.700E-05
AG616-B1,154Gd,ENDF VII.0 + mod-Mughabghab,3.831E-02
AG616-B1,155Gd,ENDF VII.0 + mod-Mughabghab,1.422E-02
AG616-B1,156Gd,ENDF VII.0 + mod-Mughabghab,2.211E-01
AG616-B1,157Gd,ENDF VII.0 + mod-Mughabghab,1.819E-04
AG616-B1,158Gd,ENDF VII.0 + mod-Mughabghab,4.108E-02
AG616-B1,160Gd,ENDF VII.0 + mod-Mughabghab,2.161E-03
AG616-B1,109Ag,ENDF VII.0 + mod-Mughabghab,1.301E-01
AG616-B1,95Mo,ENDF VII.0 + mod-Mughabghab,1.174E+00
AG616-B1,103Rh,ENDF VII.0 + mod-Mughabghab,7.180E-01
AG616-B1,99Tc,ENDF VII.0 + mod-Mughabghab,1.249E+00
AG616-B1,233U,ENDF VII.1 + mod-Mughabghab,7.777E-06
AG616-B1,234U,ENDF VII.1 + mod-Mughabghab,2.305E-01
AG616-B1,235U,ENDF VII.1 + mod-Mughabghab,5.678E+00
AG616-B1,236U,ENDF VII.1 + mod-Mughabghab,5.701E+00
AG616-B1,238U,ENDF VII.1 + mod-Mughabghab,9.175E+02
AG616-B1,238Pu,ENDF VII.1 + mod-Mughabghab,4.029E-01
AG616-B1,239Pu,ENDF VII.1 + mod-Mughabghab,5.978E+00
AG616-B1,240Pu,ENDF VII.1 + mod-Mughabghab,3.263E+00
AG616-B1,241Pu,ENDF VII.1 + mod-Mughabghab,7.947E-01
AG616-B1,242Pu,ENDF VII.1 + mod-Mughabghab,1.159E+00
AG616-B1,237Np,ENDF VII.1 + mod-Mughabghab,7.625E-01
AG616-B1,241Am,ENDF VII.1 + mod-Mughabghab,1.133E+00
AG616-B1,243Am,ENDF VII.1 + mod-Mughabghab,2.883E-01
AG616-B1,244Cm,ENDF VII.1 + mod-Mughabghab,8.457E-02
AG616-B1,133Cs,ENDF VII.1 + mod-Mughabghab,1.742E+00
AG616-B1,134Cs,ENDF VII.1 + mod-Mughabghab,6.650E-04
AG616-B1,135Cs,ENDF VII.1 + mod-Mughabghab,6.109E-01
AG616-B1,137Cs,ENDF VII.1 + mod-Mughabghab,1.332E+00
AG616-B1,140Ce,ENDF VII.1 + mod-Mughabghab,2.043E+00
AG616-B1,142Ce,ENDF VII.1 + mod-Mughabghab,1.840E+00
AG616-B1,142Nd,ENDF VII.1 + mod-Mughabghab,4.853E-02
AG616-B1,143Nd,ENDF VII.1 + mod-Mughabghab,1.129E+00
AG616-B1,144Nd,ENDF VII.1 + mod-Mughabghab,2.290E+00
AG616-B1,145Nd,ENDF VII.1 + mod-Mughabghab,1.033E+00
AG616-B1,146Nd,ENDF VII.1 + mod-Mughabghab,1.203E+00
AG616-B1,148Nd,ENDF VII.1 + mod-Mughabghab,6.167E-01
AG616-B1,150Nd,ENDF VII.1 + mod-Mughabghab,3.047E-01
AG616-B1,147Sm,ENDF VII.1 + mod-Mughabghab,3.349E-01
AG616-B1,148Sm,ENDF VII.1 + mod-Mughabghab,2.773E-01
AG616-B1,149Sm,ENDF VII.1 + mod-Mughabghab,3.754E-03
AG616-B1,150Sm,ENDF VII.1 + mod-Mughabghab,4.917E-01
AG616-B1,151Sm,ENDF VII.1 + mod-Mughabghab,1.319E-02
AG616-B1,152Sm,ENDF VII.1 + mod-Mughabghab,1.472E-01
AG616-B1,154Sm,ENDF VII.1 + mod-Mughabghab,6.891E-02
AG616-B1,151Eu,ENDF VII.1 + mod-Mughabghab,1.957E-03
AG616-B1,152Eu,ENDF VII.1 + mod-Mughabghab,4.447E-06
AG616-B1,153Eu,ENDF VII.1 + mod-Mughabghab,1.889E-01
AG616-B1,154Eu,ENDF VII.1 + mod-Mughabghab,1.052E-02
AG616-B1,155Eu,ENDF VII.1 + mod-Mughabghab,1.148E-03
AG616-B1,152Gd,ENDF VII.1 + mod-Mughabghab,3.667E-05
AG616-B1,154Gd,ENDF VII.1 + mod-Mughabghab,3.894E-02
AG616-B1,155Gd,ENDF VII.1 + mod-Mughabghab,1.443E-02
AG616-B1,156Gd,ENDF VII.1 + mod-Mughabghab,2.267E-01
AG616-B1,157Gd,ENDF VII.1 + mod-Mughabghab,1.837E-04
AG616-B1,158Gd,ENDF VII.1 + mod-Mughabghab,4.156E-02
AG616-B1,160Gd,ENDF VII.1 + mod-Mughabghab,2.159E-03
AG616-B1,109Ag,ENDF VII.1 + mod-Mughabghab,1.300E-01
AG616-B1,95Mo,ENDF VII.1 + mod-Mughabghab,1.180E+00
AG616-B1,103Rh,ENDF VII.1 + mod-Mughabghab,7.317E-01
AG616-B1,99Tc,ENDF VII.1 + mod-Mughabghab,1.269E+00
AG616-B1,233U,JEFF-3.2,7.779E-06
AG616-B1,234U,JEFF-3.2,2.305E-01
AG616-B1,235U,JEFF-3.2,5.678E+00
AG616-B1,236U,JEFF-3.2,5.701E+00
AG616-B1,238U,JEFF-3.2,9.175E+02
AG616-B1,238Pu,JEFF-3.2,4.029E-01
AG616-B1,239Pu,JEFF-3.2,5.976E+00
AG616-B1,240Pu,JEFF-3.2,3.263E+00
AG616-B1,241Pu,JEFF-3.2,7.947E-01
AG616-B1,242Pu,JEFF-3.2,1.159E+00
AG616-B1,237Np,JEFF-3.2,7.623E-01
AG616-B1,241Am,JEFF-3.2,1.133E+00
AG616-B1,243Am,JEFF-3.2,2.881E-01
AG616-B1,244Cm,JEFF-3.2,8.451E-02
AG616-B1,133Cs,JEFF-3.2,1.742E+00
AG616-B1,134Cs,JEFF-3.2,6.650E-04
AG616-B1,135Cs,JEFF-3.2,6.109E-01
AG616-B1,137Cs,JEFF-3.2,1.332E+00
AG616-B1,140Ce,JEFF-3.2,2.043E+00
AG616-B1,142Ce,JEFF-3.2,1.840E+00
AG616-B1,142Nd,JEFF-3.2,4.853E-02
AG616-B1,143Nd,JEFF-3.2,1.129E+00
AG616-B1,144Nd,JEFF-3.2,2.290E+00
AG616-B1,145Nd,JEFF-3.2,1.034E+00
AG616-B1,146Nd,JEFF-3.2,1.203E+00
AG616-B1,148Nd,JEFF-3.2,6.167E-01
AG616-B1,150Nd,JEFF-3.2,3.047E-01
AG616-B1,147Sm,JEFF-3.2,3.349E-01
AG616-B1,148Sm,JEFF-3.2,2.773E-01
AG616-B1,149Sm,JEFF-3.2,3.752E-03
AG616-B1,150Sm,JEFF-3.2,4.917E-01
AG616-B1,151Sm,JEFF-3.2,1.319E-02
AG616-B1,152Sm,JEFF-3.2,1.473E-01
AG616-B1,154Sm,JEFF-3.2,6.891E-02
AG616-B1,151Eu,JEFF-3.2,1.956E-03
AG616-B1,152Eu,JEFF-3.2,4.445E-06
AG616-B1,153Eu,JEFF-3.2,1.890E-01
AG616-B1,154Eu,JEFF-3.2,1.117E-02
AG616-B1,155Eu,JEFF-3.2,1.138E-03
AG616-B1,152Gd,JEFF-3.2,3.667E-05
AG616-B1,154Gd,JEFF-3.2,4.129E-02
AG616-B1,155Gd,JEFF-3.2,1.431E-02
AG616-B1,156Gd,JEFF-3.2,2.240E-01
AG616-B1,157Gd,JEFF-3.2,1.824E-04
AG616-B1,158Gd,JEFF-3.2,4.133E-02
AG616-B1,160Gd,JEFF-3.2,2.159E-03
AG616-B1,109Ag,JEFF-3.2,1.300E-01
AG616-B1,95Mo,JEFF-3.2,1.180E+00
AG616-B1,103Rh,JEFF-3.2,7.317E-01
AG616-B1,99Tc,JEFF-3.2,1.269E+00
AG616-B1,233U,JEFF-3.2 + mod-Mughabghab,7.779E-06
AG616-B1,234U,JEFF-3.2 + mod-Mughabghab,2.305E-01
AG616-B1,235U,JEFF-3.2 + mod-Mughabghab,5.678E+00
AG616-B1,236U,JEFF-3.2 + mod-Mughabghab,5.701E+00
AG616-B1,238U,JEFF-3.2 + mod-Mughabghab,9.175E+02
AG616-B1,238Pu,JEFF-3.2 + mod-Mughabghab,4.029E-01
AG616-B1,239Pu,JEFF-3.2 + mod-Mughabghab,5.978E+00
AG616-B1,240Pu,JEFF-3.2 + mod-Mughabghab,3.263E+00
AG616-B1,241Pu,JEFF-3.2 + mod-Mughabghab,7.947E-01
AG616-B1,242Pu,JEFF-3.2 + mod-Mughabghab,1.159E+00
AG616-B1,237Np,JEFF-3.2 + mod-Mughabghab,7.625E-01
AG616-B1,241Am,JEFF-3.2 + mod-Mughabghab,1.133E+00
AG616-B1,243Am,JEFF-3.2 + mod-Mughabghab,2.881E-01
AG616-B1,244Cm,JEFF-3.2 + mod-Mughabghab,8.453E-02
AG616-B1,133Cs,JEFF-3.2 + mod-Mughabghab,1.742E+00
AG616-B1,134Cs,JEFF-3.2 + mod-Mughabghab,6.650E-04
AG616-B1,135Cs,JEFF-3.2 + mod-Mughabghab,6.109E-01
AG616-B1,137Cs,JEFF-3.2 + mod-Mughabghab,1.332E+00
AG616-B1,140Ce,JEFF-3.2 + mod-Mughabghab,2.043E+00
AG616-B1,142Ce,JEFF-3.2 + mod-Mughabghab,1.840E+00
AG616-B1,142Nd,JEFF-3.2 + mod-Mughabghab,4.853E-02
AG616-B1,143Nd,JEFF-3.2 + mod-Mughabghab,1.129E+00
AG616-B1,144Nd,JEFF-3.2 + mod-Mughabghab,2.290E+00
AG616-B1,145Nd,JEFF-3.2 + mod-Mughabghab,1.034E+00
AG616-B1,146Nd,JEFF-3.2 + mod-Mughabghab,1.203E+00
AG616-B1,148Nd,JEFF-3.2 + mod-Mughabghab,6.167E-01
AG616-B1,150Nd,JEFF-3.2 + mod-Mughabghab,3.047E-01
AG616-B1,147Sm,JEFF-3.2 + mod-Mughabghab,3.349E-01
AG616-B1,148Sm,JEFF-3.2 + mod-Mughabghab,2.773E-01
AG616-B1,149Sm,JEFF-3.2 + mod-Mughabghab,3.754E-03
AG616-B1,150Sm,JEFF-3.2 + mod-Mughabghab,4.917E-01
AG616-B1,151Sm,JEFF-3.2 + mod-Mughabghab,1.319E-02
AG616-B1,152Sm,JEFF-3.2 + mod-Mughabghab,1.472E-01
AG616-B1,154Sm,JEFF-3.2 + mod-Mughabghab,6.891E-02
AG616-B1,151Eu,JEFF-3.2 + mod-Mughabghab,1.957E-03
AG616-B1,152Eu,JEFF-3.2 + mod-Mughabghab,4.447E-06
AG616-B1,153Eu,JEFF-3.2 + mod-Mughabghab,1.890E-01
AG616-B1,154Eu,JEFF-3.2 + mod-Mughabghab,1.048E-02
AG616-B1,155Eu,JEFF-3.2 + mod-Mughabghab,1.148E-03
AG616-B1,152Gd,JEFF-3.2 + mod-Mughabghab,3.667E-05
AG616-B1,154Gd,JEFF-3.2 + mod-Mughabghab,3.879E-02
AG616-B1,155Gd,JEFF-3.2 + mod-Mughabghab,1.443E-02
AG616-B1,156Gd,JEFF-3.2 + mod-Mughabghab,2.269E-01
AG616-B1,157Gd,JEFF-3.2 + mod-Mughabghab,1.838E-04
AG616-B1,158Gd,JEFF-3.2 + mod-Mughabghab,4.156E-02
AG616-B1,160Gd,JEFF-3.2 + mod-Mughabghab,2.159E-03
AG616-B1,109Ag,JEFF-3.2 + mod-Mughabghab,1.300E-01
AG616-B1,95Mo,JEFF-3.2 + mod-Mughabghab,1.180E+00
AG616-B1,103Rh,JEFF-3.2 + mod-Mughabghab,7.317E-01
AG616-B1,99Tc,JEFF-3.2 + mod-Mughabghab,1.269E+00
AG616-B2,233U,ENDF VII.0,8.445E-06
AG616-B2,234U,ENDF VII.0,2.273E-01
AG616-B2,235U,ENDF VII.0,6.421E+00
AG616-B2,236U,ENDF VII.0,5.649E+00
AG616-B2,238U,ENDF VII.0,9.198E+02
AG616-B2,238Pu,ENDF VII.0,3.257E-01
AG616-B2,239Pu,ENDF VII.0,6.080E+00
AG616-B2,240Pu,ENDF VII.0,3.216E+00
AG616-B2,241Pu,ENDF VII.0,7.798E-01
AG616-B2,242Pu,ENDF VII.0,1.021E+00
AG616-B2,237Np,ENDF VII.0,7.367E-01
AG616-B2,241Am,ENDF VII.0,1.121E+00
AG616-B2,243Am,ENDF VII.0,2.833E-01
AG616-B2,244Cm,ENDF VII.0,6.824E-02
AG616-B2,133Cs,ENDF VII.0,1.671E+00
AG616-B2,134Cs,ENDF VII.0,6.209E-04
AG616-B2,135Cs,ENDF VII.0,6.026E-01
AG616-B2,137Cs,ENDF VII.0,1.267E+00
AG616-B2,140Ce,ENDF VII.0,1.946E+00
AG616-B2,142Ce,ENDF VII.0,1.758E+00
AG616-B2,142Nd,ENDF VII.0,4.316E-02
AG616-B2,143Nd,ENDF VII.0,1.112E+00
AG616-B2,144Nd,ENDF VII.0,2.157E+00
AG616-B2,145Nd,ENDF VII.0,9.807E-01
AG616-B2,146Nd,ENDF VII.0,1.153E+00
AG616-B2,148Nd,ENDF VII.0,5.863E-01
AG616-B2,150Nd,ENDF VII.0,2.883E-01
AG616-B2,147Sm,ENDF VII.0,3.351E-01
AG616-B2,148Sm,ENDF VII.0,2.569E-01
AG616-B2,149Sm,ENDF VII.0,3.711E-03
AG616-B2,150Sm,ENDF VII.0,4.647E-01
AG616-B2,151Sm,ENDF VII.0,1.296E-02
AG616-B2,152Sm,ENDF VII.0,1.437E-01
AG616-B2,154Sm,ENDF VII.0,6.408E-02
AG616-B2,151Eu,ENDF VII.0,1.923E-03
AG616-B2,152Eu,ENDF VII.0,4.684E-06
AG616-B2,153Eu,ENDF VII.0,1.867E-01
AG616-B2,154Eu,ENDF VII.0,1.039E-02
AG616-B2,155Eu,ENDF VII.0,1.054E-03
AG616-B2,152Gd,ENDF VII.0,3.790E-05
AG616-B2,154Gd,ENDF VII.0,3.829E-02
AG616-B2,155Gd,ENDF VII.0,1.325E-02
AG616-B2,156Gd,ENDF VII.0,1.929E-01
AG616-B2,157Gd,ENDF VII.0,1.661E-04
AG616-B2,158Gd,ENDF VII.0,3.634E-02
AG616-B2,160Gd,ENDF VII.0,1.988E-03
AG616-B2,109Ag,ENDF VII.0,1.219E-01
AG616-B2,95Mo,ENDF VII.0,1.129E+00
AG616-B2,103Rh,ENDF VII.0,6.953E-01
AG616-B2,99Tc,ENDF VII.0,1.202E+00
AG616-B2,233U,ENDF VII.1,7.615E-06
AG616-B2,234U,ENDF VII.1,2.334E-01
AG616-B2,235U,ENDF VII.1,6.375E+00
AG616-B2,236U,ENDF VII.1,5.645E+00
AG616-B2,238U,ENDF VII.1,9.200E+02
AG616-B2,238Pu,ENDF VII.1,3.657E-01
AG616-B2,239Pu,ENDF VII.1,5.967E+00
AG616-B2,240Pu,ENDF VII.1,3.162E+00
AG616-B2,241Pu,ENDF VII.1,7.735E-01
AG616-B2,242Pu,ENDF VII.1,1.058E+00
AG616-B2,237Np,ENDF VII.1,7.274E-01
AG616-B2,241Am,ENDF VII.1,1.105E+00
AG616-B2,243Am,ENDF VII.1,2.540E-01
AG616-B2,244Cm,ENDF VII.1,6.955E-02
AG616-B2,133Cs,ENDF VII.1,1.681E+00
AG616-B2,134Cs,ENDF VII.1,6.059E-04
AG616-B2,135Cs,ENDF VII.1,6.011E-01
AG616-B2,137Cs,ENDF VII.1,1.268E+00
AG616-B2,140Ce,ENDF VII.1,1.947E+00
AG616-B2,142Ce,ENDF VII.1,1.757E+00
AG616-B2,142Nd,ENDF VII.1,4.345E-02
AG616-B2,143Nd,ENDF VII.1,1.110E+00
AG616-B2,144Nd,ENDF VII.1,2.161E+00
AG616-B2,145Nd,ENDF VII.1,9.977E-01
AG616-B2,146Nd,ENDF VII.1,1.137E+00
AG616-B2,148Nd,ENDF VII.1,5.865E-01
AG616-B2,150Nd,ENDF VII.1,2.885E-01
AG616-B2,147Sm,ENDF VII.1,3.334E-01
AG616-B2,148Sm,ENDF VII.1,2.577E-01
AG616-B2,149Sm,ENDF VII.1,3.692E-03
AG616-B2,150Sm,ENDF VII.1,4.661E-01
AG616-B2,151Sm,ENDF VII.1,1.290E-02
AG616-B2,152Sm,ENDF VII.1,1.434E-01
AG616-B2,154Sm,ENDF VII.1,6.412E-02
AG616-B2,151Eu,ENDF VII.1,1.914E-03
AG616-B2,152Eu,ENDF VII.1,4.599E-06
AG616-B2,153Eu,ENDF VII.1,1.805E-01
AG616-B2,154Eu,ENDF VII.1,1.054E-02
AG616-B2,155Eu,ENDF VII.1,1.071E-03
AG616-B2,152Gd,ENDF VII.1,3.758E-05
AG616-B2,154Gd,ENDF VII.1,3.889E-02
AG616-B2,155Gd,ENDF VII.1,1.347E-02
AG616-B2,156Gd,ENDF VII.1,1.981E-01
AG616-B2,157Gd,ENDF VII.1,1.679E-04
AG616-B2,158Gd,ENDF VII.1,3.673E-02
AG616-B2,160Gd,ENDF VII.1,1.988E-03
AG616-B2,109Ag,ENDF VII.1,1.219E-01
AG616-B2,95Mo,ENDF VII.1,1.134E+00
AG616-B2,103Rh,ENDF VII.1,7.082E-01
AG616-B2,99Tc,ENDF VII.1,1.221E+00
AG616-B2,233U,ENDF VII.0 + mod-Wright,8.447E-06
AG616-B2,234U,ENDF VII.0 + mod-Wright,2.273E-01
AG616-B2,235U,ENDF VII.0 + mod-Wright,6.423E+00
AG616-B2,236U,ENDF VII.0 + mod-Wright,5.649E+00
AG616-B2,238U,ENDF VII.0 + mod-Wright,9.198E+02
AG616-B2,238Pu,ENDF VII.0 + mod-Wright,3.257E-01
AG616-B2,239Pu,ENDF VII.0 + mod-Wright,6.082E+00
AG616-B2,240Pu,ENDF VII.0 + mod-Wright,3.216E+00
AG616-B2,241Pu,ENDF VII.0 + mod-Wright,7.802E-01
AG616-B2,242Pu,ENDF VII.0 + mod-Wright,1.021E+00
AG616-B2,237Np,ENDF VII.0 + mod-Wright,7.367E-01
AG616-B2,241Am,ENDF VII.0 + mod-Wright,1.121E+00
AG616-B2,243Am,ENDF VII.0 + mod-Wright,2.833E-01
AG616-B2,244Cm,ENDF VII.0 + mod-Wright,6.826E-02
AG616-B2,133Cs,ENDF VII.0 + mod-Wright,1.671E+00
AG616-B2,134Cs,ENDF VII.0 + mod-Wright,6.211E-04
AG616-B2,135Cs,ENDF VII.0 + mod-Wright,6.026E-01
AG616-B2,137Cs,ENDF VII.0 + mod-Wright,1.267E+00
AG616-B2,140Ce,ENDF VII.0 + mod-Wright,1.946E+00
AG616-B2,142Ce,ENDF VII.0 + mod-Wright,1.758E+00
AG616-B2,142Nd,ENDF VII.0 + mod-Wright,4.314E-02
AG616-B2,143Nd,ENDF VII.0 + mod-Wright,1.112E+00
AG616-B2,144Nd,ENDF VII.0 + mod-Wright,2.157E+00
AG616-B2,145Nd,ENDF VII.0 + mod-Wright,9.807E-01
AG616-B2,146Nd,ENDF VII.0 + mod-Wright,1.153E+00
AG616-B2,148Nd,ENDF VII.0 + mod-Wright,5.863E-01
AG616-B2,150Nd,ENDF VII.0 + mod-Wright,2.883E-01
AG616-B2,147Sm,ENDF VII.0 + mod-Wright,3.351E-01
AG616-B2,148Sm,ENDF VII.0 + mod-Wright,2.569E-01
AG616-B2,149Sm,ENDF VII.0 + mod-Wright,3.711E-03
AG616-B2,150Sm,ENDF VII.0 + mod-Wright,4.647E-01
AG616-B2,151Sm,ENDF VII.0 + mod-Wright,1.297E-02
AG616-B2,152Sm,ENDF VII.0 + mod-Wright,1.436E-01
AG616-B2,154Sm,ENDF VII.0 + mod-Wright,6.408E-02
AG616-B2,151Eu,ENDF VII.0 + mod-Wright,1.924E-03
AG616-B2,152Eu,ENDF VII.0 + mod-Wright,4.688E-06
AG616-B2,153Eu,ENDF VII.0 + mod-Wright,1.867E-01
AG616-B2,154Eu,ENDF VII.0 + mod-Wright,9.000E-03
AG616-B2,155Eu,ENDF VII.0 + mod-Wright,1.077E-03
AG616-B2,152Gd,ENDF VII.0 + mod-Wright,3.792E-05
AG616-B2,154Gd,ENDF VII.0 + mod-Wright,3.328E-02
AG616-B2,155Gd,ENDF VII.0 + mod-Wright,1.355E-02
AG616-B2,156Gd,ENDF VII.0 + mod-Wright,1.987E-01
AG616-B2,157Gd,ENDF VII.0 + mod-Wright,1.690E-04
AG616-B2,158Gd,ENDF VII.0 + mod-Wright,3.675E-02
AG616-B2,160Gd,ENDF VII.0 + mod-Wright,1.988E-03
AG616-B2,109Ag,ENDF VII.0 + mod-Wright,1.219E-01
AG616-B2,95Mo,ENDF VII.0 + mod-Wright,1.129E+00
AG616-B2,103Rh,ENDF VII.0 + mod-Wright,6.953E-01
AG616-B2,99Tc,ENDF VII.0 + mod-Wright,1.202E+00
AG616-B2,233U,ENDF VII.0 + mod-Mughabghab,8.445E-06
AG616-B2,234U,ENDF VII.0 + mod-Mughabghab,2.273E-01
AG616-B2,235U,ENDF VII.0 + mod-Mughabghab,6.421E+00
AG616-B2,236U,ENDF VII.0 + mod-Mughabghab,5.649E+00
AG616-B2,238U,ENDF VII.0 + mod-Mughabghab,9.198E+02
AG616-B2,238Pu,ENDF VII.0 + mod-Mughabghab,3.257E-01
AG616-B2,239Pu,ENDF VII.0 + mod-Mughabghab,6.080E+00
AG616-B2,240Pu,ENDF VII.0 + mod-Mughabghab,3.216E+00
AG616-B2,241Pu,ENDF VII.0 + mod-Mughabghab,7.800E-01
AG616-B2,242Pu,ENDF VII.0 + mod-Mughabghab,1.021E+00
AG616-B2,237Np,ENDF VII.0 + mod-Mughabghab,7.367E-01
AG616-B2,241Am,ENDF VII.0 + mod-Mughabghab,1.121E+00
AG616-B2,243Am,ENDF VII.0 + mod-Mughabghab,2.833E-01
AG616-B2,244Cm,ENDF VII.0 + mod-Mughabghab,6.826E-02
AG616-B2,133Cs,ENDF VII.0 + mod-Mughabghab,1.671E+00
AG616-B2,134Cs,ENDF VII.0 + mod-Mughabghab,6.209E-04
AG616-B2,135Cs,ENDF VII.0 + mod-Mughabghab,6.026E-01
AG616-B2,137Cs,ENDF VII.0 + mod-Mughabghab,1.267E+00
AG616-B2,140Ce,ENDF VII.0 + mod-Mughabghab,1.946E+00
AG616-B2,142Ce,ENDF VII.0 + mod-Mughabghab,1.758E+00
AG616-B2,142Nd,ENDF VII.0 + mod-Mughabghab,4.316E-02
AG616-B2,143Nd,ENDF VII.0 + mod-Mughabghab,1.112E+00
AG616-B2,144Nd,ENDF VII.0 + mod-Mughabghab,2.157E+00
AG616-B2,145Nd,ENDF VII.0 + mod-Mughabghab,9.807E-01
AG616-B2,146Nd,ENDF VII.0 + mod-Mughabghab,1.153E+00
AG616-B2,148Nd,ENDF VII.0 + mod-Mughabghab,5.863E-01
AG616-B2,150Nd,ENDF VII.0 + mod-Mughabghab,2.883E-01
AG616-B2,147Sm,ENDF VII.0 + mod-Mughabghab,3.351E-01
AG616-B2,148Sm,ENDF VII.0 + mod-Mughabghab,2.569E-01
AG616-B2,149Sm,ENDF VII.0 + mod-Mughabghab,3.711E-03
AG616-B2,150Sm,ENDF VII.0 + mod-Mughabghab,4.647E-01
AG616-B2,151Sm,ENDF VII.0 + mod-Mughabghab,1.296E-02
AG616-B2,152Sm,ENDF VII.0 + mod-Mughabghab,1.436E-01
AG616-B2,154Sm,ENDF VII.0 + mod-Mughabghab,6.408E-02
AG616-B2,151Eu,ENDF VII.0 + mod-Mughabghab,1.924E-03
AG616-B2,152Eu,ENDF VII.0 + mod-Mughabghab,4.686E-06
AG616-B2,153Eu,ENDF VII.0 + mod-Mughabghab,1.867E-01
AG616-B2,154Eu,ENDF VII.0 + mod-Mughabghab,9.757E-03
AG616-B2,155Eu,ENDF VII.0 + mod-Mughabghab,1.065E-03
AG616-B2,152Gd,ENDF VII.0 + mod-Mughabghab,3.790E-05
AG616-B2,154Gd,ENDF VII.0 + mod-Mughabghab,3.600E-02
AG616-B2,155Gd,ENDF VII.0 + mod-Mughabghab,1.339E-02
AG616-B2,156Gd,ENDF VII.0 + mod-Mughabghab,1.955E-01
AG616-B2,157Gd,ENDF VII.0 + mod-Mughabghab,1.674E-04
AG616-B2,158Gd,ENDF VII.0 + mod-Mughabghab,3.652E-02
AG616-B2,160Gd,ENDF VII.0 + mod-Mughabghab,1.988E-03
AG616-B2,109Ag,ENDF VII.0 + mod-Mughabghab,1.219E-01
AG616-B2,95Mo,ENDF VII.0 + mod-Mughabghab,1.129E+00
AG616-B2,103Rh,ENDF VII.0 + mod-Mughabghab,6.953E-01
AG616-B2,99Tc,ENDF VII.0 + mod-Mughabghab,1.202E+00
AG616-B2,233U,ENDF VII.1 + mod-Mughabghab,7.615E-06
AG616-B2,234U,ENDF VII.1 + mod-Mughabghab,2.334E-01
AG616-B2,235U,ENDF VII.1 + mod-Mughabghab,6.377E+00
AG616-B2,236U,ENDF VII.1 + mod-Mughabghab,5.645E+00
AG616-B2,238U,ENDF VII.1 + mod-Mughabghab,9.200E+02
AG616-B2,238Pu,ENDF VII.1 + mod-Mughabghab,3.657E-01
AG616-B2,239Pu,ENDF VII.1 + mod-Mughabghab,5.967E+00
AG616-B2,240Pu,ENDF VII.1 + mod-Mughabghab,3.162E+00
AG616-B2,241Pu,ENDF VII.1 + mod-Mughabghab,7.737E-01
AG616-B2,242Pu,ENDF VII.1 + mod-Mughabghab,1.058E+00
AG616-B2,237Np,ENDF VII.1 + mod-Mughabghab,7.276E-01
AG616-B2,241Am,ENDF VII.1 + mod-Mughabghab,1.105E+00
AG616-B2,243Am,ENDF VII.1 + mod-Mughabghab,2.540E-01
AG616-B2,244Cm,ENDF VII.1 + mod-Mughabghab,6.957E-02
AG616-B2,133Cs,ENDF VII.1 + mod-Mughabghab,1.681E+00
AG616-B2,134Cs,ENDF VII.1 + mod-Mughabghab,6.059E-04
AG616-B2,135Cs,ENDF VII.1 + mod-Mughabghab,6.011E-01
AG616-B2,137Cs,ENDF VII.1 + mod-Mughabghab,1.268E+00
AG616-B2,140Ce,ENDF VII.1 + mod-Mughabghab,1.946E+00
AG616-B2,142Ce,ENDF VII.1 + mod-Mughabghab,1.757E+00
AG616-B2,142Nd,ENDF VII.1 + mod-Mughabghab,4.345E-02
AG616-B2,143Nd,ENDF VII.1 + mod-Mughabghab,1.110E+00
AG616-B2,144Nd,ENDF VII.1 + mod-Mughabghab,2.161E+00
AG616-B2,145Nd,ENDF VII.1 + mod-Mughabghab,9.977E-01
AG616-B2,146Nd,ENDF VII.1 + mod-Mughabghab,1.137E+00
AG616-B2,148Nd,ENDF VII.1 + mod-Mughabghab,5.865E-01
AG616-B2,150Nd,ENDF VII.1 + mod-Mughabghab,2.885E-01
AG616-B2,147Sm,ENDF VII.1 + mod-Mughabghab,3.334E-01
AG616-B2,148Sm,ENDF VII.1 + mod-Mughabghab,2.577E-01
AG616-B2,149Sm,ENDF VII.1 + mod-Mughabghab,3.692E-03
AG616-B2,150Sm,ENDF VII.1 + mod-Mughabghab,4.661E-01
AG616-B2,151Sm,ENDF VII.1 + mod-Mughabghab,1.290E-02
AG616-B2,152Sm,ENDF VII.1 + mod-Mughabghab,1.434E-01
AG616-B2,154Sm,ENDF VII.1 + mod-Mughabghab,6.412E-02
AG616-B2,151Eu,ENDF VII.1 + mod-Mughabghab,1.914E-03
AG616-B2,152Eu,ENDF VII.1 + mod-Mughabghab,4.603E-06
AG616-B2,153Eu,ENDF VII.1 + mod-Mughabghab,1.805E-01
AG616-B2,154Eu,ENDF VII.1 + mod-Mughabghab,9.925E-03
AG616-B2,155Eu,ENDF VII.1 + mod-Mughabghab,1.082E-03
AG616-B2,152Gd,ENDF VII.1 + mod-Mughabghab,3.758E-05
AG616-B2,154Gd,ENDF VII.1 + mod-Mughabghab,3.667E-02
AG616-B2,155Gd,ENDF VII.1 + mod-Mughabghab,1.361E-02
AG616-B2,156Gd,ENDF VII.1 + mod-Mughabghab,2.006E-01
AG616-B2,157Gd,ENDF VII.1 + mod-Mughabghab,1.692E-04
AG616-B2,158Gd,ENDF VII.1 + mod-Mughabghab,3.692E-02
AG616-B2,160Gd,ENDF VII.1 + mod-Mughabghab,1.988E-03
AG616-B2,109Ag,ENDF VII.1 + mod-Mughabghab,1.219E-01
AG616-B2,95Mo,ENDF VII.1 + mod-Mughabghab,1.134E+00
AG616-B2,103Rh,ENDF VII.1 + mod-Mughabghab,7.082E-01
AG616-B2,99Tc,ENDF VII.1 + mod-Mughabghab,1.221E+00
AG616-B2,233U,JEFF-3.2,7.617E-06
AG616-B2,234U,JEFF-3.2,2.334E-01
AG616-B2,235U,JEFF-3.2,6.377E+00
AG616-B2,236U,JEFF-3.2,5.645E+00
AG616-B2,238U,JEFF-3.2,9.200E+02
AG616-B2,238Pu,JEFF-3.2,3.657E-01
AG616-B2,239Pu,JEFF-3.2,5.967E+00
AG616-B2,240Pu,JEFF-3.2,3.162E+00
AG616-B2,241Pu,JEFF-3.2,7.735E-01
AG616-B2,242Pu,JEFF-3.2,1.058E+00
AG616-B2,237Np,JEFF-3.2,7.274E-01
AG616-B2,241Am,JEFF-3.2,1.105E+00
AG616-B2,243Am,JEFF-3.2,2.538E-01
AG616-B2,244Cm,JEFF-3.2,6.951E-02
AG616-B2,133Cs,JEFF-3.2,1.681E+00
AG616-B2,134Cs,JEFF-3.2,6.057E-04
AG616-B2,135Cs,JEFF-3.2,6.011E-01
AG616-B2,137Cs,JEFF-3.2,1.268E+00
AG616-B2,140Ce,JEFF-3.2,1.947E+00
AG616-B2,142Ce,JEFF-3.2,1.757E+00
AG616-B2,142Nd,JEFF-3.2,4.345E-02
AG616-B2,143Nd,JEFF-3.2,1.110E+00
AG616-B2,144Nd,JEFF-3.2,2.161E+00
AG616-B2,145Nd,JEFF-3.2,9.982E-01
AG616-B2,146Nd,JEFF-3.2,1.136E+00
AG616-B2,148Nd,JEFF-3.2,5.865E-01
AG616-B2,150Nd,JEFF-3.2,2.885E-01
AG616-B2,147Sm,JEFF-3.2,3.334E-01
AG616-B2,148Sm,JEFF-3.2,2.577E-01
AG616-B2,149Sm,JEFF-3.2,3.692E-03
AG616-B2,150Sm,JEFF-3.2,4.661E-01
AG616-B2,151Sm,JEFF-3.2,1.290E-02
AG616-B2,152Sm,JEFF-3.2,1.434E-01
AG616-B2,154Sm,JEFF-3.2,6.412E-02
AG616-B2,151Eu,JEFF-3.2,1.914E-03
AG616-B2,152Eu,JEFF-3.2,4.601E-06
AG616-B2,153Eu,JEFF-3.2,1.805E-01
AG616-B2,154Eu,JEFF-3.2,1.052E-02
AG616-B2,155Eu,JEFF-3.2,1.071E-03
AG616-B2,152Gd,JEFF-3.2,3.758E-05
AG616-B2,154Gd,JEFF-3.2,3.883E-02
AG616-B2,155Gd,JEFF-3.2,1.347E-02
AG616-B2,156Gd,JEFF-3.2,1.981E-01
AG616-B2,157Gd,JEFF-3.2,1.679E-04
AG616-B2,158Gd,JEFF-3.2,3.673E-02
AG616-B2,160Gd,JEFF-3.2,1.988E-03
AG616-B2,109Ag,JEFF-3.2,1.219E-01
AG616-B2,95Mo,JEFF-3.2,1.134E+00
AG616-B2,103Rh,JEFF-3.2,7.082E-01
AG616-B2,99Tc,JEFF-3.2,1.221E+00
AG616-B2,233U,JEFF-3.2 + mod-Mughabghab,7.617E-06
AG616-B2,234U,JEFF-3.2 + mod-Mughabghab,2.334E-01
AG616-B2,235U,JEFF-3.2 + mod-Mughabghab,6.377E+00
AG616-B2,236U,JEFF-3.2 + mod-Mughabghab,5.645E+00
AG616-B2,238U,JEFF-3.2 + mod-Mughabghab,9.200E+02
AG616-B2,238Pu,JEFF-3.2 + mod-Mughabghab,3.657E-01
AG616-B2,239Pu,JEFF-3.2 + mod-Mughabghab,5.967E+00
AG616-B2,240Pu,JEFF-3.2 + mod-Mughabghab,3.162E+00
AG616-B2,241Pu,JEFF-3.2 + mod-Mughabghab,7.737E-01
AG616-B2,242Pu,JEFF-3.2 + mod-Mughabghab,1.058E+00
AG616-B2,237Np,JEFF-3.2 + mod-Mughabghab,7.274E-01
AG616-B2,241Am,JEFF-3.2 + mod-Mughabghab,1.105E+00
AG616-B2,243Am,JEFF-3.2 + mod-Mughabghab,2.538E-01
AG616-B2,244Cm,JEFF-3.2 + mod-Mughabghab,6.953E-02
AG616-B2,133Cs,JEFF-3.2 + mod-Mughabghab,1.681E+00
AG616-B2,134Cs,JEFF-3.2 + mod-Mughabghab,6.059E-04
AG616-B2,135Cs,JEFF-3.2 + mod-Mughabghab,6.011E-01
AG616-B2,137Cs,JEFF-3.2 + mod-Mughabghab,1.268E+00
AG616-B2,140Ce,JEFF-3.2 + mod-Mughabghab,1.946E+00
AG616-B2,142Ce,JEFF-3.2 + mod-Mughabghab,1.757E+00
AG616-B2,142Nd,JEFF-3.2 + mod-Mughabghab,4.345E-02
AG616-B2,143Nd,JEFF-3.2 + mod-Mughabghab,1.110E+00
AG616-B2,144Nd,JEFF-3.2 + mod-Mughabghab,2.161E+00
AG616-B2,145Nd,JEFF-3.2 + mod-Mughabghab,9.982E-01
AG616-B2,146Nd,JEFF-3.2 + mod-Mughabghab,1.136E+00
AG616-B2,148Nd,JEFF-3.2 + mod-Mughabghab,5.865E-01
AG616-B2,150Nd,JEFF-3.2 + mod-Mughabghab,2.885E-01
AG616-B2,147Sm,JEFF-3.2 + mod-Mughabghab,3.334E-01
AG616-B2,148Sm,JEFF-3.2 + mod-Mughabghab,2.577E-01
AG616-B2,149Sm,JEFF-3.2 + mod-Mughabghab,3.692E-03
AG616-B2,150Sm,JEFF-3.2 + mod-Mughabghab,4.661E-01
AG616-B2,151Sm,JEFF-3.2 + mod-Mughabghab,1.290E-02
AG616-B2,152Sm,JEFF-3.2 + mod-Mughabghab,1.434E-01
AG616-B2,154Sm,JEFF-3.2 + mod-Mughabghab,6.412E-02
AG616-B2,151Eu,JEFF-3.2 + mod-Mughabghab,1.914E-03
AG616-B2,152Eu,JEFF-3.2 + mod-Mughabghab,4.603E-06
AG616-B2,153Eu,JEFF-3.2 + mod-Mughabghab,1.805E-01
AG616-B2,154Eu,JEFF-3.2 + mod-Mughabghab,9.886E-03
AG616-B2,155Eu,JEFF-3.2 + mod-Mughabghab,1.082E-03
AG616-B2,152Gd,JEFF-3.2 + mod-Mughabghab,3.758E-05
AG616-B2,154Gd,JEFF-3.2 + mod-Mughabghab,3.652E-02
AG616-B2,155Gd,JEFF-3.2 + mod-Mughabghab,1.361E-02
AG616-B2,156Gd,JEFF-3.2 + mod-Mughabghab,2.008E-01
AG616-B2,157Gd,JEFF-3.2 + mod-Mughabghab,1.692E-04
AG616-B2,158Gd,JEFF-3.2 + mod-Mughabghab,3.692E-02
AG616-B2,160Gd,JEFF-3.2 + mod-Mughabghab,1.988E-03
AG616-B2,109Ag,JEFF-3.2 + mod-Mughabghab,1.219E-01
AG616-B2,95Mo,JEFF-3.2 + mod-Mughabghab,1.134E+00
AG616-B2,103Rh,JEFF-3.2 + mod-Mughabghab,7.082E-01
AG616-B2,99Tc,JEFF-3.2 + mod-Mughabghab,1.221E+00
